,BarsHeld,StartDate,EndDate,Symbol,BuyPrice,SellPrice,Shares,BuyValue,SellValue,TotalRisk,PnL,RMultiple,LastRecordDate,LastPrice,LastValue,LastPnL,LastRMultiple,OpenIndicator,CloseIndicator
0,4.0,2010-01-04,2010-01-07,GMA7,7.7,7.6,12900.0,99623.0235,97162.542,19866.0,-2460.4815,-0.12,2010-01-07,7.6,97162.542,-2460.4815,-0.12,ATRChannel7|3|120,ATRChannel7|3|120
1,5.0,2010-01-04,2010-01-08,AC,252.0833,247.9167,390.0,98602.5088,95822.1598,19662.4974,-2780.3491,-0.14,2010-01-08,247.9167,95822.1598,-2780.3491,-0.14,ATRChannel7|3|120,ATRChannel7|3|120
2,5.0,2010-01-04,2010-01-08,GMAP,7.9,7.6,12600.0,99833.643,94902.948,19908.0,-4930.695,-0.25,2010-01-08,7.6,94902.948,-4930.695,-0.25,ATRChannel7|3|120,ATRChannel7|3|120
3,5.0,2010-01-04,2010-01-08,MEG,1.46,1.42,68000.0,99572.876,95695.788,19856.0,-3877.088,-0.2,2010-01-08,1.42,95695.788,-3877.088,-0.2,ATRChannel7|3|120,ATRChannel7|3|120
4,7.0,2010-01-05,2010-01-13,MAC,2.95,2.85,33000.0,97637.1825,93208.2525,19470.0,-4428.93,-0.23,2010-01-13,2.85,93208.2525,-4428.93,-0.23,ATRChannel7|3|120,ATRChannel7|3|120
5,26.0,2010-01-06,2010-02-10,EDC,4.6,4.55,21000.0,96884.97,94694.8275,19320.0,-2190.1425,-0.11,2010-02-10,4.55,94694.8275,-2190.1425,-0.11,ATRChannel7|3|120,ATRChannel7|3|120
6,8.0,2010-01-06,2010-01-15,UPM,0.009,0.0085,11000000.0,99292.05,92663.175,19800.0,-6628.875,-0.33,2010-01-15,0.0085,92663.175,-6628.875,-0.33,ATRChannel7|3|120,ATRChannel7|3|120
7,14.0,2010-01-06,2010-01-25,PNB,24.0,23.5,4100.0,98690.28,95487.6675,19680.0,-3202.6125,-0.16,2010-01-25,23.5,95487.6675,-3202.6125,-0.16,ATRChannel7|3|120,ATRChannel7|3|120
8,14.0,2010-01-06,2010-01-25,BPI,48.0,45.0,2000.0,96283.2,89194.5,19200.0,-7088.7,-0.37,2010-01-25,45.0,89194.5,-7088.7,-0.37,ATRChannel7|3|120,ATRChannel7|3|120
9,3.0,2010-01-07,2010-01-11,PCOR,5.4,5.3,18100.0,98028.333,95071.4265,19548.0,-2956.9065,-0.15,2010-01-11,5.3,95071.4265,-2956.9065,-0.15,ATRChannel7|3|120,ATRChannel7|3|120
10,13.0,2010-01-07,2010-01-25,SM,216.6667,206.6667,450.0,97787.64,92167.6649,19500.003,-5619.9752,-0.29,2010-01-25,206.6667,92167.6649,-5619.9752,-0.29,ATRChannel7|3|120,ATRChannel7|3|120
11,12.0,2010-01-08,2010-01-25,ALI,11.25,10.75,8700.0,98163.7312,92687.9512,19575.0,-5475.78,-0.28,2010-01-25,10.75,92687.9512,-5475.78,-0.28,ATRChannel7|3|120,ATRChannel7|3|120
12,6.0,2010-01-08,2010-01-18,GERI,0.34,0.31,280000.0,95480.84,86023.14,19040.0,-9457.7,-0.5,2010-01-18,0.31,86023.14,-9457.7,-0.5,ATRChannel7|3|120,ATRChannel7|3|120
13,10.0,2010-01-08,2010-01-22,PLC,0.25,0.25,390000.0,97787.625,96627.375,19500.0,-1160.25,-0.06,2010-01-22,0.25,96627.375,-1160.25,-0.06,ATRChannel7|3|120,ATRChannel7|3|120
14,18.0,2010-01-11,2010-02-03,AGI,4.5,4.5,21000.0,94778.775,93654.225,18900.0,-1124.55,-0.06,2010-02-03,4.5,93654.225,-1124.55,-0.06,ATRChannel7|3|120,ATRChannel7|3|120
15,2.0,2010-01-13,2010-01-14,FLI,0.94,0.93,103000.0,97105.619,94932.6795,19364.0,-2172.9395,-0.11,2010-01-14,0.93,94932.6795,-2172.9395,-0.11,ATRChannel7|3|120,ATRChannel7|3|120
16,4.0,2010-01-14,2010-01-19,LCB,0.27,0.26,360000.0,97486.74,92762.28,19440.0,-4724.46,-0.24,2010-01-19,0.26,92762.28,-4724.46,-0.24,ATRChannel7|3|120,ATRChannel7|3|120
17,4.0,2010-01-18,2010-01-28,ARA,0.41,0.39,230000.0,94578.185,88897.185,18860.0,-5681.0,-0.3,2010-01-28,0.39,88897.185,-5681.0,-0.3,ATRChannel7|3|120,ATRChannel7|3|120
18,7.0,2010-01-19,2010-01-27,COL,10.5,10.25,9200.0,96884.97,93456.015,19320.0,-3428.955,-0.18,2010-01-27,10.25,93456.015,-3428.955,-0.18,ATRChannel7|3|120,ATRChannel7|3|120
19,2.0,2010-01-22,2010-01-25,SECB,42.9167,43.3333,2200.0,94695.2694,94480.0273,18883.348,-215.2421,-0.01,2010-01-25,43.3333,94480.0273,-215.2421,-0.01,ATRChannel7|3|120,ATRChannel7|3|120
20,4.0,2010-01-25,2010-01-28,SUN,0.5,0.47,180000.0,90265.5,83842.83,18000.0,-6422.67,-0.36,2010-01-28,0.47,83842.83,-6422.67,-0.36,ATRChannel7|3|120,ATRChannel7|3|120
21,2.0,2010-01-25,2010-01-26,EVER,0.11,0.12,860000.0,94879.07,102276.36,18920.0,7397.29,0.39,2010-01-26,0.12,102276.36,7397.29,0.39,ATRChannel7|3|120,ATRChannel7|3|120
22,2.0,2010-01-25,2010-01-26,IS,0.08,0.0725,1180000.0,94678.48,84784.3275,18880.0,-9894.1525,-0.52,2010-01-26,0.0725,84784.3275,-9894.1525,-0.52,ATRChannel7|3|120,ATRChannel7|3|120
23,79.0,2010-01-26,2010-05-21,CYBR,0.77,0.63,119000.0,91900.3085,74299.0185,18326.0,-17601.29,-0.96,2010-05-21,0.63,74299.0185,-17601.29,-0.96,ATRChannel7|3|120,ATRChannel7|3|120
24,17.0,2010-01-26,2010-02-19,POPI,0.5,0.44,180000.0,90265.5,78491.16,18000.0,-11774.34,-0.65,2010-02-19,0.44,78491.16,-11774.34,-0.65,ATRChannel7|3|120,ATRChannel7|3|120
25,2.0,2010-01-27,2010-01-28,MAC,2.75,2.8,33000.0,91017.7125,91573.02,18150.0,555.3075,0.03,2010-01-28,2.8,91573.02,555.3075,0.03,ATRChannel7|3|120,ATRChannel7|3|120
26,3.0,2010-01-28,2010-02-01,JFC,54.0,52.5,1670.0,90446.031,86890.3087,18036.0,-3555.7223,-0.2,2010-02-01,52.5,86890.3087,-3555.7223,-0.2,ATRChannel7|3|120,ATRChannel7|3|120
27,8.0,2010-01-28,2010-02-08,ANI,19.5833,17.7083,4600.0,90348.9254,80729.1293,18016.636,-9619.7961,-0.53,2010-02-08,17.7083,80729.1293,-9619.7961,-0.53,ATRChannel7|3|120,ATRChannel7|3|120
28,57.0,2010-01-28,2010-04-21,ALCO,0.225,0.205,400000.0,90265.5,81266.1,18000.0,-8999.4,-0.5,2010-04-21,0.205,81266.1,-8999.4,-0.5,ATRChannel7|3|120,ATRChannel7|3|120
29,30.0,2010-01-29,2010-04-13,JOH,1.92,1.86,48000.0,92431.872,88480.944,18432.0,-3950.928,-0.21,2010-04-13,1.86,88480.944,-3950.928,-0.21,ATRChannel7|3|120,ATRChannel7|3|120
30,9.0,2010-01-29,2010-02-10,EEI,2.55,2.5,36000.0,92070.81,89194.5,18360.0,-2876.31,-0.16,2010-02-10,2.5,89194.5,-2876.31,-0.16,ATRChannel7|3|120,ATRChannel7|3|120
31,6.0,2010-02-01,2010-02-08,RFM,0.55,0.52,169000.0,93224.2025,87093.474,18590.0,-6130.7285,-0.33,2010-02-08,0.52,87093.474,-6130.7285,-0.33,ATRChannel7|3|120,ATRChannel7|3|120
32,238.0,2010-02-03,2011-01-25,ORE,1.04,3.27,85000.0,88660.78,275462.3475,17680.0,186801.5675,10.57,2011-01-25,3.27,275462.3475,186801.5675,10.57,ATRChannel7|3|120,ATRChannel7|3|120
33,5.0,2010-02-08,2010-02-12,ABA,0.95,0.84,97000.0,92421.8425,80750.754,18430.0,-11671.0885,-0.63,2010-02-12,0.84,80750.754,-11671.0885,-0.63,ATRChannel7|3|120,ATRChannel7|3|120
34,21.0,2010-02-12,2010-03-12,PX,13.5,13.5,6500.0,88008.8625,86964.6375,17550.0,-1044.225,-0.06,2010-03-12,13.5,86964.6375,-1044.225,-0.06,ATRChannel7|3|120,ATRChannel7|3|120
35,255.0,2010-02-12,2011-02-28,DMC,1.88,6.6,47000.0,88620.662,307423.71,17672.0,218803.048,12.38,2011-02-28,6.6,307423.71,218803.048,12.38,ATRChannel7|3|120,ATRChannel7|3|120
36,98.0,2010-02-12,2010-07-08,FPH,48.0,52.5,1800.0,86654.88,93654.225,17280.0,6999.345,0.41,2010-07-08,52.5,93654.225,6999.345,0.41,ATRChannel7|3|120,ATRChannel7|3|120
37,4.0,2010-02-12,2010-02-17,GLO,985.0,945.0,90.0,88911.5175,84288.8025,17730.0,-4622.715,-0.26,2010-02-17,945.0,84288.8025,-4622.715,-0.26,ATRChannel7|3|120,ATRChannel7|3|120
38,4.0,2010-02-17,2010-02-22,JGS,6.4,6.2,14300.0,91789.984,87866.493,18304.0,-3923.491,-0.21,2010-02-22,6.2,87866.493,-3923.491,-0.21,ATRChannel7|3|120,ATRChannel7|3|120
39,12.0,2010-02-19,2010-03-08,TBGI,0.35,0.345,260000.0,91268.45,88897.185,18200.0,-2371.265,-0.13,2010-03-08,0.345,88897.185,-2371.265,-0.13,ATRChannel7|3|120,ATRChannel7|3|120
40,26.0,2010-02-22,2010-04-07,ATN,0.455,0.465,200000.0,91268.45,92167.65,18200.0,899.2,0.05,2010-04-07,0.465,92167.65,899.2,0.05,ATRChannel7|3|120,ATRChannel7|3|120
41,9.0,2010-03-08,2010-03-18,BDO,38.0,37.0,2400.0,91469.04,88005.24,18240.0,-3463.8,-0.19,2010-03-18,37.0,88005.24,-3463.8,-0.19,ATRChannel7|3|120,ATRChannel7|3|120
42,5.0,2010-03-12,2010-03-18,AC,252.0833,245.8333,370.0,93545.9699,90144.244,18654.1642,-3401.7259,-0.18,2010-03-18,245.8333,90144.244,-3401.7259,-0.18,ATRChannel7|3|120,ATRChannel7|3|120
43,111.0,2010-03-18,2010-09-01,GSMI,21.25,28.5,4200.0,89513.2875,118628.685,17850.0,29115.3975,1.63,2010-09-01,28.5,118628.685,29115.3975,1.63,ATRChannel7|3|120,ATRChannel7|3|120
44,26.0,2010-03-18,2010-05-07,EVER,0.125,0.125,720000.0,90265.5,89194.5,18000.0,-1071.0,-0.06,2010-05-07,0.125,89194.5,-1071.0,-0.06,ATRChannel7|3|120,ATRChannel7|3|120
45,33.0,2010-04-07,2010-05-26,FLI,0.95,0.9,102000.0,97185.855,90978.39,19380.0,-6207.465,-0.32,2010-05-26,0.9,90978.39,-6207.465,-0.32,ATRChannel7|3|120,ATRChannel7|3|120
46,7.0,2010-04-13,2010-04-21,AT,10.5,10.0,9200.0,96884.97,91176.6,19320.0,-5708.37,-0.3,2010-04-21,10.0,91176.6,-5708.37,-0.3,ATRChannel7|3|120,ATRChannel7|3|120
47,69.0,2010-04-22,2010-08-02,AC,266.6667,265.0,360.0,96283.212,94546.17,19200.0024,-1737.042,-0.09,2010-08-02,265.0,94546.17,-1737.042,-0.09,ATRChannel7|3|120,ATRChannel7|3|120
48,133.0,2010-04-22,2011-01-05,ABSP,30.0,45.0,3200.0,96283.2,142711.2,19200.0,46428.0,2.42,2011-01-05,45.0,142711.2,46428.0,2.42,ATRChannel7|3|120,ATRChannel7|3|120
49,3.0,2010-05-21,2010-05-25,MPI,2.9,2.75,35000.0,101799.425,95388.5625,20300.0,-6410.8625,-0.32,2010-05-25,2.75,95388.5625,-6410.8625,-0.32,ATRChannel7|3|120,ATRChannel7|3|120
50,45.0,2010-05-25,2010-08-05,ANS,2.2,2.32,45000.0,99292.05,103465.62,19800.0,4173.57,0.21,2010-08-05,2.32,103465.62,4173.57,0.21,ATRChannel7|3|120,ATRChannel7|3|120
51,126.0,2010-05-27,2010-12-01,ALI,12.75,15.98,7700.0,98464.6163,121944.7383,19635.0,23480.122,1.2,2010-12-01,15.98,121944.7383,23480.122,1.2,ATRChannel7|3|120,ATRChannel7|3|120
52,130.0,2010-07-08,2011-01-19,MEG,1.38,2.2,79000.0,109341.609,172244.49,21804.0,62902.881,2.88,2011-01-19,2.2,172244.49,62902.881,2.88,ATRChannel7|3|120,ATRChannel7|3|120
53,17.0,2010-08-02,2010-08-24,VUL,0.8,0.76,140000.0,112330.4,105447.72,22400.0,-6882.68,-0.31,2010-08-24,0.76,105447.72,-6882.68,-0.31,ATRChannel7|3|120,ATRChannel7|3|120
54,116.0,2010-08-06,2011-02-16,ANS,2.36,3.0,49000.0,115981.138,145684.35,23128.0,29703.212,1.28,2011-02-16,3.0,145684.35,29703.212,1.28,ATRChannel7|3|120,ATRChannel7|3|120
55,108.0,2010-09-02,2011-02-11,APC,0.6,0.7,207000.0,124566.39,143603.145,24840.0,19036.755,0.77,2011-02-11,0.7,143603.145,19036.755,0.77,ATRChannel7|3|120,ATRChannel7|3|120
56,4.0,2010-12-01,2010-12-08,ROX,3.2,3.0,46000.0,147634.24,136764.9,29440.0,-10869.34,-0.37,2010-12-08,3.0,136764.9,-10869.34,-0.37,ATRChannel7|3|120,ATRChannel7|3|120
57,123.0,2010-12-09,2011-06-09,PLC,0.31,0.36,490000.0,152348.105,174821.22,30380.0,22473.115,0.74,2011-06-09,0.36,174821.22,22473.115,0.74,ATRChannel7|3|120,ATRChannel7|3|120
58,26.0,2011-01-06,2011-02-11,CHI,2.98,2.38,50000.0,149439.55,117934.95,29800.0,-31504.6,-1.06,2011-02-11,2.38,117934.95,-31504.6,-1.06,ATRChannel7|3|120,ATRChannel7|3|120
59,19.0,2011-01-19,2011-02-14,PAX,1.88,1.66,81000.0,152729.226,133256.583,30456.0,-19472.643,-0.64,2011-02-14,1.66,133256.583,-19472.643,-0.64,ATRChannel7|3|120,ATRChannel7|3|120
60,2.0,2011-01-26,2011-01-27,OPM,0.013,0.014,11300000.0,147333.355,156784.11,29380.0,9450.755,0.32,2011-01-27,0.014,156784.11,9450.755,0.32,ATRChannel7|3|120,ATRChannel7|3|120
61,7.0,2011-01-26,2011-02-17,IRC,0.83,0.67,177000.0,147343.3845,117528.6195,29382.0,-29814.765,-1.01,2011-02-17,0.67,117528.6195,-29814.765,-1.01,ATRChannel7|3|120,ATRChannel7|3|120
62,13.0,2011-01-27,2011-02-15,DIZ,4.3,4.19,34000.0,146631.29,141184.983,29240.0,-5446.307,-0.19,2011-02-15,4.19,141184.983,-5446.307,-0.19,ATRChannel7|3|120,ATRChannel7|3|120
63,61.0,2011-02-11,2011-05-11,MRC,0.73,0.74,188000.0,137644.858,137874.876,27448.0,230.018,0.01,2011-05-11,0.74,137874.876,230.018,0.01,ATRChannel7|3|120,ATRChannel7|3|120
64,58.0,2011-02-14,2011-05-09,AEV,37.05,38.0,3600.0,133773.471,135575.64,26676.0,1802.169,0.07,2011-05-09,38.0,135575.64,1802.169,0.07,ATRChannel7|3|120,ATRChannel7|3|120
65,20.0,2011-02-14,2011-03-14,SUN,0.54,0.51,251000.0,135939.843,126864.3105,27108.0,-9075.5325,-0.33,2011-03-14,0.51,126864.3105,-9075.5325,-0.33,ATRChannel7|3|120,ATRChannel7|3|120
66,110.0,2011-02-15,2011-08-10,LOTO,11.3333,11.6667,12000.0,136400.7988,138747.3964,27199.92,2346.5976,0.09,2011-08-10,11.6667,138747.3964,2346.5976,0.09,ATRChannel7|3|120,ATRChannel7|3|120
67,7.0,2011-02-16,2011-02-24,ICT,41.85,40.0,3200.0,134315.064,126854.4,26784.0,-7460.664,-0.28,2011-02-24,40.0,126854.4,-7460.664,-0.28,ATRChannel7|3|120,ATRChannel7|3|120
68,5.0,2011-02-17,2011-02-23,AP,28.55,26.8,4700.0,134580.8458,124832.658,26837.0,-9748.1878,-0.36,2011-02-23,26.8,124832.658,-9748.1878,-0.36,ATRChannel7|3|120,ATRChannel7|3|120
69,6.0,2011-02-24,2011-03-04,MAC,3.15,3.05,41000.0,129530.9925,123930.8025,25830.0,-5600.19,-0.22,2011-03-04,3.05,123930.8025,-5600.19,-0.22,ATRChannel7|3|120,ATRChannel7|3|120
70,4.0,2011-02-25,2011-03-02,OPM,0.013,0.014,10100000.0,131687.335,140134.47,26260.0,8447.135,0.32,2011-03-02,0.014,140134.47,8447.135,0.32,ATRChannel7|3|120,ATRChannel7|3|120
71,15.0,2011-02-28,2011-03-18,MER,238.0,221.4,550.0,131286.155,120680.1585,26180.0,-10605.9965,-0.41,2011-03-18,221.4,120680.1585,-10605.9965,-0.41,ATRChannel7|3|120,ATRChannel7|3|120
72,6.0,2011-02-28,2011-03-09,BSC,0.175,0.165,760000.0,133392.35,124277.67,26600.0,-9114.68,-0.34,2011-03-09,0.165,124277.67,-9114.68,-0.34,ATRChannel7|3|120,ATRChannel7|3|120
73,110.0,2011-03-02,2011-08-10,DMC,6.8,8.24,19600.0,133673.176,160058.5392,26656.0,26385.3632,0.99,2011-08-10,8.24,160058.5392,26385.3632,0.99,ATRChannel7|3|120,ATRChannel7|3|120
74,9.0,2011-03-04,2011-03-16,SOC,1.44,1.39,93000.0,134315.064,128113.0335,26784.0,-6202.0305,-0.23,2011-03-16,1.39,128113.0335,-6202.0305,-0.23,ATRChannel7|3|120,ATRChannel7|3|120
75,6.0,2011-03-10,2011-03-17,ICT,43.3,41.65,3100.0,134625.9785,127959.4208,26846.0,-6666.5577,-0.25,2011-03-17,41.65,127959.4208,-6666.5577,-0.25,ATRChannel7|3|120,ATRChannel7|3|120
76,5.0,2011-03-14,2011-03-18,LCB,0.46,0.46,290000.0,133793.53,132206.07,26680.0,-1587.46,-0.06,2011-03-18,0.46,132206.07,-1587.46,-0.06,ATRChannel7|3|120,ATRChannel7|3|120
77,221.0,2011-03-17,2012-02-10,LC,0.445,1.44,290000.0,129430.6975,413862.48,25810.0,284431.7825,11.02,2012-02-10,1.44,413862.48,284431.7825,11.02,ATRChannel7|3|120,ATRChannel7|3|120
78,17.0,2011-03-18,2011-04-26,DIZ,4.4,4.44,29000.0,127976.42,127607.598,25520.0,-368.822,-0.01,2011-04-26,4.44,127607.598,-368.822,-0.01,ATRChannel7|3|120,ATRChannel7|3|120
79,8.0,2011-03-21,2011-03-30,AGI,11.78,11.8,11200.0,132325.2112,130977.168,26387.2,-1348.0432,-0.05,2011-03-30,11.8,130977.168,-1348.0432,-0.05,ATRChannel7|3|120,ATRChannel7|3|120
80,81.0,2011-03-21,2011-08-15,ANS,3.18,3.24,41000.0,130764.621,131651.082,26076.0,886.461,0.03,2011-08-15,3.24,131651.082,886.461,0.03,ATRChannel7|3|120,ATRChannel7|3|120
81,90.0,2011-03-30,2011-08-10,JGS,26.6,23.5,5000.0,133392.35,116448.375,26600.0,-16943.975,-0.64,2011-08-10,23.5,116448.375,-16943.975,-0.64,ATRChannel7|3|120,ATRChannel7|3|120
82,38.0,2011-04-26,2011-06-21,BDO,54.9,52.8,2630.0,144812.9416,137621.1672,28877.4,-7191.7744,-0.25,2011-06-21,52.8,137621.1672,-7191.7744,-0.25,ATRChannel7|3|120,ATRChannel7|3|120
83,7.0,2011-05-09,2011-05-18,PA,0.065,0.064,2250000.0,146681.4375,142711.2,29250.0,-3970.2375,-0.14,2011-05-18,0.064,142711.2,-3970.2375,-0.14,ATRChannel7|3|120,ATRChannel7|3|120
84,7.0,2011-05-11,2011-05-19,CPM,2.25,2.15,65000.0,146681.4375,138499.2375,29250.0,-8182.2,-0.28,2011-05-19,2.15,138499.2375,-8182.2,-0.28,ATRChannel7|3|120,ATRChannel7|3|120
85,2.0,2011-05-18,2011-05-19,ANI,8.1667,7.8333,17600.0,144157.9351,136632.1786,28746.784,-7525.7565,-0.26,2011-05-19,7.8333,136632.1786,-7525.7565,-0.26,ATRChannel7|3|120,ATRChannel7|3|120
86,5.0,2011-05-19,2011-05-25,CYBR,1.03,0.96,142000.0,146691.467,135099.936,29252.0,-11591.531,-0.4,2011-05-25,0.96,135099.936,-11591.531,-0.4,ATRChannel7|3|120,ATRChannel7|3|120
87,25.0,2011-05-24,2011-07-01,OPM,0.015,0.013,9600000.0,144424.8,123683.04,28800.0,-20741.76,-0.72,2011-07-01,0.013,123683.04,-20741.76,-0.72,ATRChannel7|3|120,ATRChannel7|3|120
88,4.0,2011-05-27,2011-06-02,TEL,2440.0,2380.0,55.0,134595.89,129728.445,26840.0,-4867.445,-0.18,2011-06-02,2380.0,129728.445,-4867.445,-0.18,ATRChannel7|3|120,ATRChannel7|3|120
89,40.0,2011-06-09,2011-08-05,AEV,40.0,39.8,3500.0,140413.0,138053.265,28000.0,-2359.735,-0.08,2011-08-05,39.8,138053.265,-2359.735,-0.08,ATRChannel7|3|120,ATRChannel7|3|120
90,77.0,2011-06-09,2011-09-30,MWC,18.38,19.0,7700.0,141943.5017,144990.615,28305.2,3047.1133,0.11,2011-09-30,19.0,144990.615,3047.1133,0.11,ATRChannel7|3|120,ATRChannel7|3|120
91,35.0,2011-06-21,2011-08-09,AP,31.35,29.05,4500.0,141491.1713,129555.0112,28215.0,-11936.16,-0.42,2011-08-09,29.05,129555.0112,-11936.16,-0.42,ATRChannel7|3|120,ATRChannel7|3|120
92,25.0,2011-07-01,2011-08-04,LPZ,5.74,5.71,24800.0,142771.9384,140340.6084,28470.4,-2431.33,-0.09,2011-08-04,5.71,140340.6084,-2431.33,-0.09,ATRChannel7|3|120,ATRChannel7|3|120
93,36.0,2011-08-05,2011-09-28,IPM,2.91,3.53,53000.0,154684.9785,185415.5445,30846.0,30730.566,1.0,2011-09-28,3.53,185415.5445,30730.566,1.0,ATRChannel7|3|120,
94,113.0,2011-08-09,2012-02-03,STI,2.0,2.58,74000.0,148436.6,189211.266,29600.0,40774.666,1.38,2012-02-03,2.58,189211.266,40774.666,1.38,ATRChannel7|3|120,ATRChannel7|3|120
95,139.0,2011-08-10,2012-03-05,UPM,0.016,0.023,9100000.0,146029.52,207426.765,29120.0,61397.245,2.11,2012-03-05,0.023,207426.765,61397.245,2.11,ATRChannel7|3|120,ATRChannel7|3|120
96,156.0,2011-08-11,2012-07-25,ARA,0.4,0.58,360000.0,144424.8,206931.24,28800.0,62506.44,2.17,2012-07-25,0.58,206931.24,62506.44,2.17,ATRChannel7|3|120,ATRChannel7|3|120
97,28.0,2011-08-11,2011-09-22,BKR,1.1,0.92,134000.0,147834.83,122176.644,29480.0,-25658.186,-0.87,2011-09-22,0.92,122176.644,-25658.186,-0.87,ATRChannel7|3|120,ATRChannel7|3|120
98,2.0,2011-08-16,2011-08-17,GMAP,6.75,6.8,24000.0,162477.9,161739.36,32400.0,-738.54,-0.02,2011-08-17,6.8,161739.36,-738.54,-0.02,ATRChannel7|3|120,ATRChannel7|3|120
99,5.0,2011-08-17,2011-08-23,BPI,59.25,57.4,2750.0,163418.1656,156437.2425,32587.5,-6980.9231,-0.21,2011-08-23,57.4,156437.2425,-6980.9231,-0.21,ATRChannel7|3|120,ATRChannel7|3|120
100,8.0,2011-08-23,2011-09-05,COSCO,1.7,1.7,97000.0,165386.455,163424.145,32980.0,-1962.31,-0.06,2011-09-05,1.7,163424.145,-1962.31,-0.06,ATRChannel7|3|120,ATRChannel7|3|120
101,3.0,2011-09-05,2011-09-07,ALI,16.18,15.84,10200.0,165522.8562,160121.9664,33007.2,-5400.8898,-0.16,2011-09-07,15.84,160121.9664,-5400.8898,-0.16,ATRChannel7|3|120,ATRChannel7|3|120
102,14.0,2011-09-07,2011-09-26,ISM,3.68,3.5,46000.0,169779.376,159559.05,33856.0,-10220.326,-0.3,2011-09-26,3.5,159559.05,-10220.326,-0.3,ATRChannel7|3|120,ATRChannel7|3|120
103,104.0,2011-09-29,2012-02-29,LCB,1.18,1.61,126000.0,149118.606,201044.403,29736.0,51925.797,1.75,2012-02-29,1.61,201044.403,51925.797,1.75,ATRChannel7|3|120,ATRChannel7|3|120
104,17.0,2011-09-29,2011-10-21,DIZ,8.1,7.38,18400.0,149479.668,134576.6616,29808.0,-14903.0064,-0.5,2011-10-21,7.38,134576.6616,-14903.0064,-0.5,ATRChannel7|3|120,ATRChannel7|3|120
105,54.0,2011-09-29,2011-12-19,RCB,31.0,30.2,4800.0,149238.96,143662.608,29760.0,-5576.352,-0.19,2011-12-19,30.2,143662.608,-5576.352,-0.19,ATRChannel7|3|120,ATRChannel7|3|120
106,391.0,2011-09-30,2013-07-01,SHNG,1.95,3.55,76000.0,148637.19,267385.29,29640.0,118748.1,4.01,2013-07-01,3.55,267385.29,118748.1,4.01,ATRChannel7|3|120,ATRChannel7|3|120
107,2.0,2011-10-21,2011-10-24,JFC,89.3,87.25,1780.0,159422.9143,153915.0203,31790.8,-5507.8941,-0.17,2011-10-24,87.25,153915.0203,-5507.8941,-0.17,ATRChannel7|3|120,ATRChannel7|3|120
108,165.0,2011-10-24,2012-07-02,CHI,2.38,5.98,67000.0,159930.407,397074.093,31892.0,237143.686,7.44,2012-07-02,5.98,397074.093,237143.686,7.44,ATRChannel7|3|120,ATRChannel7|3|120
109,198.0,2012-02-03,2012-12-04,MJC,1.4364,2.4364,126000.0,181520.3099,304238.8717,36197.28,122718.5618,3.39,2012-12-04,2.4364,304238.8717,122718.5618,3.39,ATRChannel7|3|120,ATRChannel7|3|120
110,69.0,2012-02-10,2012-06-14,IPO,5.35,5.25,33400.0,179217.1355,173780.6175,35738.0,-5436.518,-0.15,2012-06-14,5.25,173780.6175,-5436.518,-0.15,ATRChannel7|3|120,ATRChannel7|3|120
111,81.0,2012-02-13,2012-06-11,AGI,10.66,11.9,16700.0,178547.1649,196951.3665,35604.4,18404.2016,0.52,2012-06-11,11.9,196951.3665,18404.2016,0.52,ATRChannel7|3|120,ATRChannel7|3|120
112,324.0,2012-02-14,2013-06-25,ANS,3.45,6.5,51000.0,176469.0525,328533.075,35190.0,152064.0225,4.32,2013-06-25,6.5,328533.075,152064.0225,4.32,ATRChannel7|3|120,ATRChannel7|3|120
113,16.0,2012-02-29,2012-03-22,COSCO,1.6,1.6,115000.0,184542.8,182353.2,36800.0,-2189.6,-0.06,2012-03-22,1.6,182353.2,-2189.6,-0.06,ATRChannel7|3|120,ATRChannel7|3|120
114,2.0,2012-03-05,2012-03-06,PRIM,1.67,1.75,111000.0,185916.8415,192511.4625,37074.0,6594.621,0.18,2012-03-06,1.75,192511.4625,6594.621,0.18,ATRChannel7|3|120,ATRChannel7|3|120
115,45.0,2012-03-06,2012-05-14,AT,18.3,17.98,10300.0,189046.0455,183536.5137,37698.0,-5509.5318,-0.15,2012-05-14,17.98,183536.5137,-5509.5318,-0.15,ATRChannel7|3|120,ATRChannel7|3|120
116,32.0,2012-03-22,2012-05-11,DFNN,7.14,6.18,28600.0,204806.4018,175166.1054,40840.8,-29640.2964,-0.73,2012-05-11,6.18,175166.1054,-29640.2964,-0.73,ATRChannel7|3|120,ATRChannel7|3|120
117,21.0,2012-05-14,2012-06-14,LBC,12.98,9.6,16400.0,213499.9724,156030.912,42574.4,-57469.0604,-1.35,2012-06-14,9.6,156030.912,-57469.0604,-1.35,ATRChannel7|3|120,ATRChannel7|3|120
118,13.0,2012-05-16,2012-06-01,LIHC,1.15,1.05,181000.0,208764.0425,188349.0525,41630.0,-20414.99,-0.49,2012-06-01,1.05,188349.0525,-20414.99,-0.49,ATRChannel7|3|120,ATRChannel7|3|120
119,5.0,2012-06-11,2012-06-18,JFC,108.3,104.9,1860.0,202032.2421,193367.7297,40287.6,-8664.5124,-0.22,2012-06-18,104.9,193367.7297,-8664.5124,-0.22,ATRChannel7|3|120,ATRChannel7|3|120
120,48.0,2012-06-14,2012-08-23,BPI,69.0,72.05,2910.0,201382.3305,207788.9938,40158.0,6406.6633,0.16,2012-08-23,72.05,207788.9938,6406.6633,0.16,ATRChannel7|3|120,ATRChannel7|3|120
121,2.0,2012-06-14,2012-06-15,BDO,63.95,63.5,3140.0,201395.3688,197605.4595,40160.6,-3789.9094,-0.09,2012-06-15,63.5,197605.4595,-3789.9094,-0.09,ATRChannel7|3|120,ATRChannel7|3|120
122,2.0,2012-06-18,2012-06-19,PERC,6.0,6.0,32300.0,194371.71,192065.49,38760.0,-2306.22,-0.06,2012-06-19,6.0,192065.49,-2306.22,-0.06,ATRChannel7|3|120,ATRChannel7|3|120
123,242.0,2012-06-18,2013-06-14,MEG,1.97,3.41,98000.0,193629.527,331189.089,38612.0,137559.562,3.56,2013-06-14,3.41,331189.089,137559.562,3.56,ATRChannel7|3|120,ATRChannel7|3|120
124,36.0,2012-06-19,2012-08-08,EDC,6.06,5.76,32200.0,195707.6394,183812.0256,39026.4,-11895.6138,-0.3,2012-08-08,5.76,183812.0256,-11895.6138,-0.3,ATRChannel7|3|120,ATRChannel7|3|120
125,8.0,2012-07-02,2012-07-20,ABSP,33.5,34.1,6000.0,201592.95,202768.83,40200.0,1175.88,0.03,2012-07-20,34.1,202768.83,1175.88,0.03,ATRChannel7|3|120,ATRChannel7|3|120
126,3.0,2012-07-02,2012-07-04,ACR,1.34,1.3,151000.0,202936.903,194543.115,40468.0,-8393.788,-0.21,2012-07-04,1.3,194543.115,-8393.788,-0.21,ATRChannel7|3|120,ATRChannel7|3|120
127,7.0,2012-07-04,2012-07-12,APX,5.5,5.2,38900.0,214581.1525,200469.594,42790.0,-14111.5585,-0.33,2012-07-12,5.2,200469.594,-14111.5585,-0.33,ATRChannel7|3|120,ATRChannel7|3|120
128,35.0,2012-07-12,2012-09-06,ACR,1.48,1.35,137000.0,203358.142,183294.6975,40552.0,-20063.4445,-0.49,2012-09-06,1.35,183294.6975,-20063.4445,-0.49,ATRChannel7|3|120,ATRChannel7|3|120
129,13.0,2012-07-20,2012-08-08,COL,22.8,22.45,8800.0,201231.888,195791.838,40128.0,-5440.05,-0.14,2012-08-08,22.45,195791.838,-5440.05,-0.14,ATRChannel7|3|120,ATRChannel7|3|120
130,10.0,2012-07-25,2012-08-08,ATN,0.24,0.21,830000.0,199787.64,172740.015,39840.0,-27047.625,-0.68,2012-08-08,0.21,172740.015,-27047.625,-0.68,ATRChannel7|3|120,ATRChannel7|3|120
131,52.0,2012-08-08,2012-10-23,WEB,16.0,15.24,12900.0,207008.88,194836.4658,41280.0,-12172.4142,-0.29,2012-10-23,15.24,194836.4658,-12172.4142,-0.29,ATRChannel7|3|120,ATRChannel7|3|120
132,14.0,2012-08-09,2012-08-31,MPI,4.25,4.13,49000.0,208864.3375,200558.7885,41650.0,-8305.549,-0.2,2012-08-31,4.13,200558.7885,-8305.549,-0.2,ATRChannel7|3|120,ATRChannel7|3|120
133,17.0,2012-08-09,2012-09-05,IPM,5.2,5.1,40500.0,211221.27,204701.3775,42120.0,-6519.8925,-0.15,2012-09-05,5.1,204701.3775,-6519.8925,-0.15,ATRChannel7|3|120,ATRChannel7|3|120
134,191.0,2012-08-24,2013-06-06,ALI,22.0,30.15,9200.0,202997.08,274897.449,40480.0,71900.369,1.78,2013-06-06,30.15,274897.449,71900.369,1.78,ATRChannel7|3|120,ATRChannel7|3|120
135,17.0,2012-08-31,2012-09-24,PAL,16.99,16.42,11800.0,201073.4219,192021.8838,40096.4,-9051.5381,-0.23,2012-09-24,16.42,192021.8838,-9051.5381,-0.23,ATRChannel7|3|120,ATRChannel7|3|120
136,2.0,2012-09-05,2012-09-06,BHI,0.168,0.154,1180000.0,198824.808,180093.606,39648.0,-18731.202,-0.47,2012-09-06,0.154,180093.606,-18731.202,-0.47,ATRChannel7|3|120,ATRChannel7|3|120
137,13.0,2012-09-06,2012-09-26,ISM,2.97,3.05,65000.0,193619.4975,196475.6625,38610.0,2856.165,0.07,2012-09-26,3.05,196475.6625,2856.165,0.07,ATRChannel7|3|120,ATRChannel7|3|120
138,11.0,2012-09-24,2012-10-08,DMC,11.75,11.63,17000.0,200339.2625,195940.4955,39950.0,-4398.767,-0.11,2012-10-08,11.63,195940.4955,-4398.767,-0.11,ATRChannel7|3|120,ATRChannel7|3|120
139,11.0,2012-09-26,2012-10-10,COSCO,1.7,5.7,117000.0,199486.755,660931.245,39780.0,461444.49,11.6,2012-10-10,5.7,660931.245,461444.49,11.6,ATRChannel7|3|120,
140,29.0,2012-10-08,2012-11-20,ACR,1.41,1.34,168000.0,237578.796,223105.176,47376.0,-14473.62,-0.31,2012-11-20,1.34,223105.176,-14473.62,-0.31,ATRChannel7|3|120,ATRChannel7|3|120
141,3.0,2012-10-10,2012-10-12,PHES,0.74,0.71,338000.0,250857.854,237832.179,50024.0,-13025.675,-0.26,2012-10-12,0.71,237832.179,-13025.675,-0.26,ATRChannel7|3|120,ATRChannel7|3|120
142,105.0,2012-10-11,2013-03-19,BSC,0.285,0.28,870000.0,248681.4525,241419.78,49590.0,-7261.6725,-0.15,2013-03-19,0.28,241419.78,-7261.6725,-0.15,ATRChannel7|3|120,ATRChannel7|3|120
143,10.0,2012-10-12,2012-10-25,OPM,0.02,0.019,12300000.0,246725.7,231608.385,49200.0,-15117.315,-0.31,2012-10-25,0.019,231608.385,-15117.315,-0.31,ATRChannel7|3|120,ATRChannel7|3|120
144,9.0,2012-10-15,2012-10-25,BDO,64.3,62.95,3840.0,247640.3904,239564.5344,49382.4,-8075.856,-0.16,2012-10-25,62.95,239564.5344,-8075.856,-0.16,ATRChannel7|3|120,ATRChannel7|3|120
145,149.0,2012-10-25,2013-06-07,FDC,4.36,5.65,55000.0,240507.41,307968.7875,47960.0,67461.3775,1.41,2013-06-07,5.65,307968.7875,67461.3775,1.41,ATRChannel7|3|120,ATRChannel7|3|120
146,3.0,2012-10-25,2012-10-30,TEL,2690.0,2640.0,85.0,229324.5175,222391.62,45730.0,-6932.8975,-0.15,2012-10-30,2640.0,222391.62,-6932.8975,-0.15,ATRChannel7|3|120,ATRChannel7|3|120
147,4.0,2012-10-25,2012-11-07,PHA,0.325,0.32,740000.0,241209.475,234680.64,48100.0,-6528.835,-0.14,2012-11-07,0.32,234680.64,-6528.835,-0.14,ATRChannel7|3|120,ATRChannel7|3|120
148,123.0,2012-11-07,2013-05-09,LPZ,6.07,7.0,39800.0,242298.6787,276106.53,48317.2,33807.8513,0.7,2013-05-09,7.0,276106.53,33807.8513,0.7,ATRChannel7|3|120,ATRChannel7|3|120
149,128.0,2012-11-20,2013-05-31,PNB,77.0,98.0,3120.0,240948.708,303023.448,48048.0,62074.74,1.29,2013-05-31,98.0,303023.448,62074.74,1.29,ATRChannel7|3|120,ATRChannel7|3|120
150,18.0,2012-12-04,2013-01-02,JFC,105.5,102.0,2330.0,246540.1542,235532.943,49163.0,-11007.2112,-0.22,2013-01-02,102.0,235532.943,-11007.2112,-0.22,ATRChannel7|3|120,ATRChannel7|3|120
151,8.0,2012-12-04,2012-12-13,MER,270.0,262.6,910.0,246424.815,236827.2543,49140.0,-9597.5607,-0.2,2012-12-13,262.6,236827.2543,-9597.5607,-0.2,ATRChannel7|3|120,ATRChannel7|3|120
152,105.0,2013-01-02,2013-06-04,CPG,1.2433,1.6328,202000.0,251887.4825,326873.6609,50229.32,74986.1784,1.49,2013-06-04,1.6328,326873.6609,74986.1784,1.49,ATRChannel7|3|120,ATRChannel7|3|120
153,52.0,2013-03-19,2013-06-05,COL,19.8,19.9,14700.0,291918.627,289911.8565,58212.0,-2006.7705,-0.03,2013-06-05,19.9,289911.8565,-2006.7705,-0.03,ATRChannel7|3|120,ATRChannel7|3|120
154,33.0,2013-05-09,2013-06-26,HLCM,14.0,13.6,22600.0,317333.38,304609.128,63280.0,-12724.252,-0.2,2013-06-26,13.6,304609.128,-12724.252,-0.2,ATRChannel7|3|120,ATRChannel7|3|120
155,2.0,2013-06-03,2013-06-04,FB,28.38,27.1,10600.0,301715.4426,284689.023,60165.6,-17026.4196,-0.28,2013-06-04,27.1,284689.023,-17026.4196,-0.28,ATRChannel7|3|120,ATRChannel7|3|120
156,8.0,2013-06-04,2013-06-14,GTCAP,769.0,750.0,380.0,293082.049,282449.25,58444.0,-10632.799,-0.18,2013-06-14,750.0,282449.25,-10632.799,-0.18,ATRChannel7|3|120,ATRChannel7|3|120
157,7.0,2013-06-04,2013-06-14,RLT,0.53,0.5,561000.0,298207.1235,277989.525,59466.0,-20217.5985,-0.34,2013-06-14,0.5,277989.525,-20217.5985,-0.34,ATRChannel7|3|120,ATRChannel7|3|120
158,2.0,2013-06-05,2013-06-06,GMAP,9.98,10.0,29700.0,297280.3977,294341.85,59281.2,-2938.5477,-0.05,2013-06-06,10.0,294341.85,-2938.5477,-0.05,ATRChannel7|3|120,ATRChannel7|3|120
159,4.0,2013-06-10,2013-06-14,MBT,96.1538,88.8462,3060.0,295098.6084,269436.1411,58846.1256,-25662.4672,-0.44,2013-06-14,88.8462,269436.1411,-25662.4672,-0.44,ATRChannel7|3|120,ATRChannel7|3|120
160,11.0,2013-06-10,2013-06-25,CEB,77.8,66.1,3790.0,295731.8429,248276.8549,58972.4,-47454.988,-0.8,2013-06-25,66.1,248276.8549,-47454.988,-0.8,ATRChannel7|3|120,ATRChannel7|3|120
161,2.0,2013-06-11,2013-06-13,ALI,32.1,29.75,9200.0,296191.194,271250.385,59064.0,-24940.809,-0.42,2013-06-13,29.75,271250.385,-24940.809,-0.42,ATRChannel7|3|120,ATRChannel7|3|120
162,9.0,2013-06-14,2013-06-26,T,2.3,2.01,121000.0,279120.985,241033.2705,55660.0,-38087.7145,-0.68,2013-06-26,2.01,241033.2705,-38087.7145,-0.68,ATRChannel7|3|120,ATRChannel7|3|120
163,8.0,2013-06-17,2013-06-26,EEI,13.72,12.6,20600.0,283465.7644,257236.938,56526.4,-26228.8264,-0.46,2013-06-26,12.6,257236.938,-26228.8264,-0.46,ATRChannel7|3|120,ATRChannel7|3|120
164,48.0,2013-06-17,2013-08-28,URC,109.9,109.0,2580.0,284378.4489,278703.081,56708.4,-5675.3679,-0.1,2013-08-28,109.0,278703.081,-5675.3679,-0.1,ATRChannel7|3|120,ATRChannel7|3|120
165,6.0,2013-06-18,2013-06-25,GTCAP,794.0,740.0,350.0,278719.805,256681.95,55580.0,-22037.855,-0.4,2013-06-25,740.0,256681.95,-22037.855,-0.4,ATRChannel7|3|120,ATRChannel7|3|120
166,7.0,2013-06-18,2013-06-26,AGI,23.0,22.2,12200.0,281427.77,268415.982,56120.0,-13011.788,-0.23,2013-06-26,22.2,268415.982,-13011.788,-0.23,ATRChannel7|3|120,ATRChannel7|3|120
167,16.0,2013-06-27,2013-07-18,SMC2C,80.5,75.6,3260.0,263204.1685,244250.2188,52486.0,-18953.9497,-0.36,2013-07-18,75.6,244250.2188,-18953.9497,-0.36,ATRChannel7|3|120,ATRChannel7|3|120
168,114.0,2013-06-27,2013-12-13,JFC,138.0,161.1,1900.0,262973.49,303350.4945,52440.0,40377.0045,0.77,2013-12-13,161.1,303350.4945,40377.0045,0.77,ATRChannel7|3|120,ATRChannel7|3|120
169,25.0,2013-06-27,2013-07-31,LTG,20.95,20.25,12500.0,262647.5312,250859.5312,52375.0,-11788.0,-0.23,2013-07-31,20.25,250859.5312,-11788.0,-0.23,ATRChannel7|3|120,ATRChannel7|3|120
170,36.0,2013-06-27,2013-08-16,MWIDE,10.7873,10.3114,24300.0,262904.6776,248324.4452,52426.278,-14580.2324,-0.28,2013-08-16,10.3114,248324.4452,-14580.2324,-0.28,ATRChannel7|3|120,ATRChannel7|3|120
171,40.0,2013-06-28,2013-08-29,AGI,24.35,23.65,10900.0,266197.9743,255477.8242,53083.0,-10720.15,-0.2,2013-08-29,23.65,255477.8242,-10720.15,-0.2,ATRChannel7|3|120,ATRChannel7|3|120
172,22.0,2013-06-28,2013-07-29,UBP,84.8485,81.2727,3130.0,266359.2536,252106.8182,53115.161,-14252.4354,-0.27,2013-07-29,81.2727,252106.8182,-14252.4354,-0.27,ATRChannel7|3|120,ATRChannel7|3|120
173,23.0,2013-06-28,2013-08-06,PSB,138.0,133.0,1920.0,265741.632,253074.528,52992.0,-12667.104,-0.24,2013-08-06,133.0,253074.528,-12667.104,-0.24,ATRChannel7|3|120,ATRChannel7|3|120
174,35.0,2013-07-01,2013-08-22,ANS,6.93,6.78,38200.0,265506.9417,256677.9858,52945.2,-8828.9559,-0.17,2013-08-22,6.78,256677.9858,-8828.9559,-0.17,ATRChannel7|3|120,ATRChannel7|3|120
175,13.0,2013-07-19,2013-08-06,NI,3.69,3.53,73000.0,270164.6415,255383.6745,53874.0,-14780.967,-0.27,2013-08-06,3.53,255383.6745,-14780.967,-0.27,ATRChannel7|3|120,ATRChannel7|3|120
176,14.0,2013-07-29,2013-08-28,PHN,12.4545,12.0,21700.0,271059.9248,258069.42,54052.53,-12990.5048,-0.24,2013-08-28,12.0,258069.42,-12990.5048,-0.24,ATRChannel7|3|120,ATRChannel7|3|120
177,3.0,2013-08-02,2013-08-06,IRC,1.3,1.25,206000.0,268590.01,255195.375,53560.0,-13394.635,-0.25,2013-08-06,1.25,255195.375,-13394.635,-0.25,ATRChannel7|3|120,ATRChannel7|3|120
178,6.0,2013-08-06,2013-08-15,LOTO,10.0667,9.3333,25900.0,261496.6762,239568.9644,52145.506,-21927.7118,-0.42,2013-08-15,9.3333,239568.9644,-21927.7118,-0.42,ATRChannel7|3|120,ATRChannel7|3|120
179,59.0,2013-08-08,2013-11-11,IRC,1.3,1.45,199000.0,259463.165,285967.4775,51740.0,26504.3125,0.51,2013-11-11,1.45,285967.4775,26504.3125,0.51,ATRChannel7|3|120,ATRChannel7|3|120
180,2.0,2013-08-12,2013-08-14,MJC,2.15,2.15,121000.0,260917.4425,257821.6575,52030.0,-3095.785,-0.06,2013-08-14,2.15,257821.6575,-3095.785,-0.06,ATRChannel7|3|120,ATRChannel7|3|120
181,5.0,2013-08-14,2013-08-23,CHI,5.74,5.67,46000.0,264818.918,258485.661,52808.0,-6333.257,-0.12,2013-08-23,5.67,258485.661,-6333.257,-0.12,ATRChannel7|3|120,ATRChannel7|3|120
182,55.0,2013-08-15,2013-12-02,DNA,2.5,2.72,107000.0,268289.125,288435.192,53500.0,20146.067,0.38,2013-12-02,2.72,288435.192,20146.067,0.38,ATRChannel7|3|120,ATRChannel7|3|120
183,2.0,2013-08-22,2013-08-23,NOW,0.41,0.41,650000.0,267286.175,264114.825,53300.0,-3171.35,-0.06,2013-08-23,0.41,264114.825,-3171.35,-0.06,ATRChannel7|3|120,ATRChannel7|3|120
184,3.0,2013-08-22,2013-08-27,MJC,2.34,2.15,114000.0,267546.942,242906.355,53352.0,-24640.587,-0.46,2013-08-27,2.15,242906.355,-24640.587,-0.46,ATRChannel7|3|120,ATRChannel7|3|120
185,88.0,2013-08-30,2014-01-15,GSMI,16.4,20.35,15300.0,251660.214,308568.3727,50184.0,56908.1588,1.13,2014-01-15,20.35,308568.3727,56908.1588,1.13,ATRChannel7|3|120,ATRChannel7|3|120
186,2.0,2013-09-02,2013-09-03,ICT,95.0,90.0,2620.0,249634.255,233689.59,49780.0,-15944.665,-0.32,2013-09-03,90.0,233689.59,-15944.665,-0.32,ATRChannel7|3|120,ATRChannel7|3|120
187,22.0,2013-09-02,2013-10-01,AGI,26.0,24.0,9500.0,247728.65,225959.4,49400.0,-21769.25,-0.44,2013-10-01,24.0,225959.4,-21769.25,-0.44,ATRChannel7|3|120,ATRChannel7|3|120
188,7.0,2013-09-04,2013-09-12,BHI,0.165,0.132,1520000.0,251539.86,198844.272,50160.0,-52695.588,-1.05,2013-09-12,0.132,198844.272,-52695.588,-1.05,ATRChannel7|3|120,ATRChannel7|3|120
189,83.0,2013-09-06,2014-01-10,ICT,93.7,98.0,2720.0,255615.8488,264174.288,50972.8,8558.4392,0.17,2014-01-10,98.0,264174.288,8558.4392,0.17,ATRChannel7|3|120,ATRChannel7|3|120
190,17.0,2013-09-10,2013-10-02,URC,123.2,121.5,2190.0,270603.9336,263703.5392,53961.6,-6900.3944,-0.13,2013-10-02,121.5,263703.5392,-6900.3944,-0.13,ATRChannel7|3|120,ATRChannel7|3|120
191,276.0,2013-09-11,2014-10-29,MARC,1.83,5.91,146000.0,267968.181,855137.403,53436.0,587169.222,10.99,2014-10-29,5.91,855137.403,587169.222,10.99,ATRChannel7|3|120,ATRChannel7|3|120
192,60.0,2013-09-12,2013-12-09,GLO,1540.0,1600.0,175.0,270295.025,277494.0,53900.0,7198.975,0.13,2013-12-09,1600.0,277494.0,7198.975,0.13,ATRChannel7|3|120,ATRChannel7|3|120
193,37.0,2013-10-02,2013-11-27,MHC,0.64,0.62,429000.0,275369.952,263599.479,54912.0,-11770.473,-0.21,2013-11-27,0.62,263599.479,-11770.473,-0.21,ATRChannel7|3|120,ATRChannel7|3|120
194,11.0,2013-11-12,2013-11-26,PRIM,1.9,1.69,155000.0,295368.775,259605.5475,58900.0,-35763.2275,-0.61,2013-11-26,1.69,259605.5475,-35763.2275,-0.61,ATRChannel7|3|120,ATRChannel7|3|120
195,10.0,2013-11-26,2013-12-09,VMC,1.83,1.74,149000.0,273474.3765,256939.623,54534.0,-16534.7535,-0.3,2013-12-09,1.74,256939.623,-16534.7535,-0.3,ATRChannel7|3|120,ATRChannel7|3|120
196,8.0,2013-11-28,2013-12-09,PGOLD,42.3,40.5,6400.0,271518.624,256880.16,54144.0,-14638.464,-0.27,2013-12-09,40.5,256880.16,-14638.464,-0.27,ATRChannel7|3|120,ATRChannel7|3|120
197,9.0,2013-12-02,2013-12-12,PSE,325.0,310.0,840.0,273805.35,258069.42,54600.0,-15735.93,-0.29,2013-12-12,310.0,258069.42,-15735.93,-0.29,ATRChannel7|3|120,ATRChannel7|3|120
198,5.0,2013-12-09,2013-12-13,ARA,1.57,1.4,168000.0,264538.092,233094.96,52752.0,-31443.132,-0.6,2013-12-13,1.4,233094.96,-31443.132,-0.6,ATRChannel7|3|120,ATRChannel7|3|120
199,2.0,2013-12-09,2013-12-10,BSC,0.26,0.255,1010000.0,263374.67,255244.9275,52520.0,-8129.7425,-0.15,2013-12-10,0.255,255244.9275,-8129.7425,-0.15,ATRChannel7|3|120,ATRChannel7|3|120
200,11.0,2013-12-10,2014-01-02,CHI,6.06,5.71,43200.0,262564.2864,244464.2856,52358.4,-18100.0008,-0.35,2014-01-02,5.71,244464.2856,-18100.0008,-0.35,ATRChannel7|3|120,ATRChannel7|3|120
201,145.0,2013-12-10,2014-07-15,RFM,5.2,5.93,50400.0,262853.136,296197.0956,52416.0,33343.9596,0.64,2014-07-15,5.93,296197.0956,33343.9596,0.64,ATRChannel7|3|120,ATRChannel7|3|120
202,199.0,2013-12-16,2014-10-13,DMC,10.51,15.14,24400.0,257200.5098,366109.7268,51288.8,108909.217,2.12,2014-10-13,15.14,366109.7268,108909.217,2.12,ATRChannel7|3|120,ATRChannel7|3|120
203,14.0,2013-12-17,2014-01-10,JFC,173.0,169.0,1480.0,256795.318,247881.426,51208.0,-8913.892,-0.17,2014-01-10,169.0,247881.426,-8913.892,-0.17,ATRChannel7|3|120,ATRChannel7|3|120
204,61.0,2013-12-17,2014-03-19,LMG,3.18,3.38,80000.0,255150.48,267979.92,50880.0,12829.44,0.25,2014-03-19,3.38,267979.92,12829.44,0.25,ATRChannel7|3|120,ATRChannel7|3|120
205,4.0,2014-01-03,2014-01-09,PHA,0.31,0.295,830000.0,258059.035,242658.5925,51460.0,-15400.4425,-0.3,2014-01-09,0.295,242658.5925,-15400.4425,-0.3,ATRChannel7|3|120,ATRChannel7|3|120
206,248.0,2014-01-10,2015-01-22,NIKL,5.3667,14.125,47300.0,254593.7525,662132.8931,50768.982,407539.1406,8.03,2015-01-22,14.125,662132.8931,407539.1406,8.03,ATRChannel7|3|120,ATRChannel7|3|120
207,4.0,2014-01-13,2014-01-16,PA,0.048,0.038,5200000.0,250336.32,195831.48,49920.0,-54504.84,-1.09,2014-01-16,0.038,195831.48,-54504.84,-1.09,ATRChannel7|3|120,ATRChannel7|3|120
208,32.0,2014-01-14,2014-02-27,GLO,1650.0,1672.0,155.0,256504.4625,256840.518,51150.0,336.0555,0.01,2014-02-27,1672.0,256840.518,336.0555,0.01,ATRChannel7|3|120,ATRChannel7|3|120
209,18.0,2014-01-15,2014-02-10,DIZ,6.01,5.42,42900.0,258589.5955,230436.9639,51565.8,-28152.6316,-0.55,2014-02-10,5.42,230436.9639,-28152.6316,-0.55,ATRChannel7|3|120,ATRChannel7|3|120
210,10.0,2014-01-16,2014-01-29,ARA,1.59,1.44,162000.0,258339.861,231192.144,51516.0,-27147.717,-0.53,2014-01-29,1.44,231192.144,-27147.717,-0.53,ATRChannel7|3|120,ATRChannel7|3|120
211,71.0,2014-01-29,2014-05-19,EMP,11.56,11.56,22300.0,258548.4746,255480.7974,51557.6,-3067.6772,-0.06,2014-05-19,11.56,255480.7974,-3067.6772,-0.06,ATRChannel7|3|120,ATRChannel7|3|120
212,77.0,2014-02-10,2014-06-02,AEV,52.55,55.2,4830.0,254565.2587,264229.7868,50763.3,9664.5281,0.19,2014-06-02,55.2,264229.7868,9664.5281,0.19,ATRChannel7|3|120,ATRChannel7|3|120
213,3.0,2014-02-27,2014-03-03,CHIB,41.6518,40.7067,6200.0,259002.9714,250122.7252,51648.232,-8880.2462,-0.17,2014-03-03,40.7067,250122.7252,-8880.2462,-0.17,ATRChannel7|3|120,ATRChannel7|3|120
214,63.0,2014-03-03,2014-06-04,BEL,5.43,4.86,48500.0,264131.8972,233600.3955,52671.0,-30531.5017,-0.58,2014-06-04,4.86,233600.3955,-30531.5017,-0.58,ATRChannel7|3|120,ATRChannel7|3|120
215,179.0,2014-03-19,2014-12-10,BLOOM,9.81,12.38,27100.0,266635.2605,332495.2929,53170.2,65860.0324,1.24,2014-12-10,12.38,332495.2929,65860.0324,1.24,ATRChannel7|3|120,ATRChannel7|3|120
216,11.0,2014-05-19,2014-06-02,AP,37.75,36.1,7900.0,299104.7637,282637.5495,59645.0,-16467.2142,-0.28,2014-06-02,36.1,282637.5495,-16467.2142,-0.28,ATRChannel7|3|120,ATRChannel7|3|120
217,32.0,2014-06-02,2014-07-17,COSCO,9.8,9.63,30000.0,294867.3,286314.345,58800.0,-8552.955,-0.15,2014-07-17,9.63,286314.345,-8552.955,-0.15,ATRChannel7|3|120,ATRChannel7|3|120
218,238.0,2014-06-02,2015-05-29,JGS,49.2,66.95,5900.0,291136.326,391469.7052,58056.0,100333.3792,1.73,2015-05-29,66.95,391469.7052,100333.3792,1.73,ATRChannel7|3|120,ATRChannel7|3|120
219,10.0,2014-07-15,2014-07-30,APO,1.9,1.8,159000.0,302991.195,283638.51,60420.0,-19352.685,-0.32,2014-07-30,1.8,283638.51,-19352.685,-0.32,ATRChannel7|3|120,ATRChannel7|3|120
220,46.0,2014-07-17,2014-09-24,MPI,5.02,5.06,61000.0,307123.349,305897.493,61244.0,-1225.856,-0.02,2014-09-24,5.06,305897.493,-1225.856,-0.02,ATRChannel7|3|120,ATRChannel7|3|120
221,10.0,2014-07-30,2014-08-12,IRC,1.4,1.32,220000.0,308908.6,287800.92,61600.0,-21107.68,-0.34,2014-08-12,1.32,287800.92,-21107.68,-0.34,ATRChannel7|3|120,ATRChannel7|3|120
222,43.0,2014-08-12,2014-10-15,ALI,31.1,32.0,10400.0,324394.148,329821.44,64688.0,5427.292,0.08,2014-10-15,32.0,329821.44,5427.292,0.08,ATRChannel7|3|120,ATRChannel7|3|120
223,8.0,2014-09-24,2014-10-03,GERI,2.0,2.0,184000.0,369085.6,364706.4,73600.0,-4379.2,-0.06,2014-10-03,2.0,364706.4,-4379.2,-0.06,ATRChannel7|3|120,ATRChannel7|3|120
224,7.0,2014-10-03,2014-10-14,EEI,11.5,10.98,30300.0,349477.9275,329716.3887,69690.0,-19761.5388,-0.28,2014-10-14,10.98,329716.3887,-19761.5388,-0.28,ATRChannel7|3|120,ATRChannel7|3|120
225,99.0,2014-10-14,2015-03-19,HLCM,14.1,14.5,24300.0,343640.7585,349196.4675,68526.0,5555.709,0.08,2015-03-19,14.5,349196.4675,5555.709,0.08,ATRChannel7|3|120,ATRChannel7|3|120
226,138.0,2014-10-16,2015-05-18,MEG,4.7,5.28,74000.0,348826.01,387223.056,69560.0,38397.046,0.55,2015-05-18,5.28,387223.056,38397.046,0.55,ATRChannel7|3|120,ATRChannel7|3|120
227,67.0,2014-10-16,2015-02-02,IPM,5.8,5.15,60000.0,349026.6,306234.45,69600.0,-42792.15,-0.61,2015-02-02,5.15,306234.45,-42792.15,-0.61,ATRChannel7|3|120,ATRChannel7|3|120
228,11.0,2014-10-29,2014-11-20,ECP,3.25,3.18,102000.0,332477.925,321456.978,66300.0,-11020.947,-0.17,2014-11-20,3.18,321456.978,-11020.947,-0.17,ATRChannel7|3|120,ATRChannel7|3|120
229,29.0,2014-10-29,2014-12-09,MER,264.6,260.0,1250.0,331725.7125,322091.25,66150.0,-9634.4625,-0.15,2014-12-09,260.0,322091.25,-9634.4625,-0.15,ATRChannel7|3|120,ATRChannel7|3|120
230,2.0,2014-11-20,2014-11-21,FLI,1.62,1.56,206000.0,334704.474,318483.828,66744.0,-16220.646,-0.24,2014-11-21,1.56,318483.828,-16220.646,-0.24,ATRChannel7|3|120,ATRChannel7|3|120
231,4.0,2014-11-21,2014-11-26,2GO,4.0,3.4,84300.0,338194.74,284054.751,67440.0,-54139.989,-0.8,2014-11-26,3.4,284054.751,-54139.989,-0.8,ATRChannel7|3|120,
232,15.0,2014-11-26,2014-12-17,DMC,15.92,15.3,21100.0,336902.9404,319940.6715,67182.4,-16962.2689,-0.25,2014-12-17,15.3,319940.6715,-16962.2689,-0.25,ATRChannel7|3|120,ATRChannel7|3|120
233,46.0,2014-12-09,2015-02-24,FNI,8.67,7.65,38000.0,330431.907,288098.235,65892.0,-42333.672,-0.64,2015-02-24,7.65,288098.235,-42333.672,-0.64,ATRChannel7|3|120,ATRChannel7|3|120
234,5.0,2014-12-10,2014-12-16,MWC,28.7,27.9,11400.0,328145.181,315213.363,65436.0,-12931.818,-0.2,2014-12-16,27.9,315213.363,-12931.818,-0.2,ATRChannel7|3|120,ATRChannel7|3|120
235,4.0,2014-12-16,2014-12-19,MAC,2.42,2.25,135000.0,327663.765,301031.4375,65340.0,-26632.3275,-0.41,2014-12-19,2.25,301031.4375,-26632.3275,-0.41,ATRChannel7|3|120,ATRChannel7|3|120
236,4.0,2014-12-17,2014-12-22,PAL,12.97,10.88,25200.0,327808.1898,271722.1248,65368.8,-56086.065,-0.86,2014-12-22,10.88,271722.1248,-56086.065,-0.86,ATRChannel7|3|120,ATRChannel7|3|120
237,22.0,2014-12-19,2015-01-30,PHA,0.6,0.59,533000.0,320743.41,311655.4935,63960.0,-9087.9165,-0.14,2015-01-30,0.59,311655.4935,-9087.9165,-0.14,ATRChannel7|3|120,ATRChannel7|3|120
238,2.0,2014-12-22,2014-12-23,MFC,815.0,780.0,390.0,318787.6575,301477.41,63570.0,-17310.2475,-0.27,2014-12-23,780.0,301477.41,-17310.2475,-0.27,ATRChannel7|3|120,ATRChannel7|3|120
239,21.0,2014-12-23,2015-02-02,ICT,115.0,114.0,2800.0,322949.9,316343.16,64400.0,-6606.74,-0.1,2015-02-02,114.0,316343.16,-6606.74,-0.1,ATRChannel7|3|120,ATRChannel7|3|120
240,88.0,2015-01-22,2015-06-01,AEV,55.0,57.4,5900.0,325457.275,335628.993,64900.0,10171.718,0.16,2015-06-01,57.4,335628.993,10171.718,0.16,ATRChannel7|3|120,ATRChannel7|3|120
241,115.0,2015-01-22,2015-07-09,NI,2.69,3.5,120000.0,323752.26,416241.0,64560.0,92488.74,1.43,2015-07-09,3.5,416241.0,92488.74,1.43,ATRChannel7|3|120,ATRChannel7|3|120
242,81.0,2015-02-02,2015-06-01,BPI,99.0,98.0,3210.0,318727.4805,311764.509,63558.0,-6962.9715,-0.11,2015-06-01,98.0,311764.509,-6962.9715,-0.11,ATRChannel7|3|120,ATRChannel7|3|120
243,4.0,2015-02-02,2015-02-05,DD,7.76,7.59,40900.0,318320.2828,307652.6425,63476.8,-10667.6402,-0.17,2015-02-05,7.59,307652.6425,-10667.6402,-0.17,ATRChannel7|3|120,ATRChannel7|3|120
244,26.0,2015-02-02,2015-03-18,HI,6.26,6.21,50800.0,318946.1236,312644.5614,63601.6,-6301.5622,-0.1,2015-03-18,6.21,312644.5614,-6301.5622,-0.1,ATRChannel7|3|120,ATRChannel7|3|120
245,85.0,2015-02-05,2015-06-10,AC,729.0,749.0,430.0,314394.7365,319187.4735,62694.0,4792.737,0.08,2015-06-10,749.0,319187.4735,4792.737,0.08,ATRChannel7|3|120,ATRChannel7|3|120
246,10.0,2015-02-24,2015-03-09,MPI,5.11,4.88,62000.0,317754.619,299852.088,63364.0,-17902.531,-0.28,2015-03-09,4.88,299852.088,-17902.531,-0.28,ATRChannel7|3|120,ATRChannel7|3|120
247,4.0,2015-03-09,2015-03-12,ANS,7.01,7.12,45700.0,321302.0531,322471.8132,64071.4,1169.76,0.02,2015-03-12,7.12,322471.8132,1169.76,0.02,ATRChannel7|3|120,ATRChannel7|3|120
248,26.0,2015-03-12,2015-04-21,AGI,25.1,24.7,12700.0,319710.3715,310882.4745,63754.0,-8827.897,-0.14,2015-04-21,24.7,310882.4745,-8827.897,-0.14,ATRChannel7|3|120,ATRChannel7|3|120
249,4.0,2015-03-18,2015-03-23,EDC,8.38,8.16,38900.0,326943.6469,314583.0552,65196.4,-12360.5917,-0.19,2015-03-23,8.16,314583.0552,-12360.5917,-0.19,ATRChannel7|3|120,ATRChannel7|3|120
250,6.0,2015-03-20,2015-03-27,IRC,1.54,1.47,213000.0,328987.659,310307.6655,65604.0,-18679.9935,-0.28,2015-03-27,1.47,310307.6655,-18679.9935,-0.28,ATRChannel7|3|120,ATRChannel7|3|120
251,42.0,2015-03-23,2015-05-25,DFNN,7.1,6.5,46500.0,331123.9425,299544.8625,66030.0,-31579.08,-0.48,2015-05-25,6.5,299544.8625,-31579.08,-0.48,ATRChannel7|3|120,ATRChannel7|3|120
252,8.0,2015-03-27,2015-04-10,EDC,8.49,8.22,38800.0,330383.7654,316081.5228,65882.4,-14302.2426,-0.22,2015-04-10,8.22,316081.5228,-14302.2426,-0.22,ATRChannel7|3|120,ATRChannel7|3|120
253,5.0,2015-04-14,2015-04-20,GEO,0.45,0.39,730000.0,329469.075,282151.935,65700.0,-47317.14,-0.72,2015-04-20,0.39,282151.935,-47317.14,-0.72,ATRChannel7|3|120,ATRChannel7|3|120
254,23.0,2015-04-22,2015-05-25,HOUSE,8.79,8.34,36100.0,318255.091,298379.3877,63463.8,-19875.7033,-0.31,2015-05-25,8.34,298379.3877,-19875.7033,-0.31,ATRChannel7|3|120,ATRChannel7|3|120
255,9.0,2015-05-18,2015-05-28,BDO,115.0,111.6,2750.0,317182.9375,304153.245,63250.0,-13029.6925,-0.21,2015-05-28,111.6,304153.245,-13029.6925,-0.21,ATRChannel7|3|120,ATRChannel7|3|120
256,13.0,2015-05-18,2015-06-03,ACR,2.11,2.0,150000.0,317433.675,297315.0,63300.0,-20118.675,-0.32,2015-06-03,2.0,297315.0,-20118.675,-0.32,ATRChannel7|3|120,ATRChannel7|3|120
257,8.0,2015-05-25,2015-06-03,ATN,0.275,0.27,1140000.0,314424.825,305045.19,62700.0,-9379.635,-0.15,2015-06-03,0.27,305045.19,-9379.635,-0.15,ATRChannel7|3|120,ATRChannel7|3|120
258,41.0,2015-05-28,2015-07-27,TECH,24.0,26.35,12800.0,308106.24,334261.344,61440.0,26155.104,0.43,2015-07-27,26.35,334261.344,26155.104,0.43,ATRChannel7|3|120,ATRChannel7|3|120
259,8.0,2015-06-01,2015-06-10,COL,16.0,15.98,19200.0,308106.24,304069.9968,61440.0,-4036.2432,-0.07,2015-06-10,15.98,304069.9968,-4036.2432,-0.07,ATRChannel7|3|120,ATRChannel7|3|120
260,4.0,2015-06-02,2015-06-05,BPI,99.2,98.85,3130.0,311411.9632,306631.3655,62099.2,-4780.5977,-0.08,2015-06-05,98.85,306631.3655,-4780.5977,-0.08,ATRChannel7|3|120,ATRChannel7|3|120
261,20.0,2015-06-02,2015-06-30,CHI,5.22,5.05,59500.0,311506.2405,297785.7488,62118.0,-13720.4917,-0.22,2015-06-30,5.05,297785.7488,-13720.4917,-0.22,ATRChannel7|3|120,ATRChannel7|3|120
262,54.0,2015-06-05,2015-08-24,PIP,4.57,4.36,66000.0,302509.779,285184.548,60324.0,-17325.231,-0.29,2015-08-24,4.36,285184.548,-17325.231,-0.29,ATRChannel7|3|120,ATRChannel7|3|120
263,50.0,2015-06-05,2015-08-17,FLI,1.87,1.88,163000.0,305709.1895,303697.362,60962.0,-2011.8275,-0.03,2015-08-17,1.88,303697.362,-2011.8275,-0.03,ATRChannel7|3|120,ATRChannel7|3|120
264,51.0,2015-06-11,2015-08-25,X,10.98,8.8,27400.0,301739.5134,238961.976,60170.4,-62777.5374,-1.04,2015-08-25,8.8,238961.976,-62777.5374,-1.04,ATRChannel7|3|120,ATRChannel7|3|120
265,12.0,2015-06-15,2015-06-30,ALI,38.95,37.3,7700.0,300799.7492,284639.4705,59983.0,-16160.2787,-0.27,2015-06-30,37.3,284639.4705,-16160.2787,-0.27,ATRChannel7|3|120,ATRChannel7|3|120
266,16.0,2015-06-16,2015-07-07,AC,772.5,763.0,390.0,302163.7612,294906.7485,60255.0,-7257.0127,-0.12,2015-07-07,763.0,294906.7485,-7257.0127,-0.12,ATRChannel7|3|120,ATRChannel7|3|120
267,14.0,2015-06-18,2015-07-07,AP,44.5,43.8,6800.0,303492.67,295174.332,60520.0,-8318.338,-0.14,2015-07-07,43.8,295174.332,-8318.338,-0.14,ATRChannel7|3|120,ATRChannel7|3|120
268,39.0,2015-06-30,2015-08-25,DNL,9.65,9.68,31600.0,305839.573,303150.3024,60988.0,-2689.2706,-0.04,2015-08-25,9.68,303150.3024,-2689.2706,-0.04,ATRChannel7|3|120,ATRChannel7|3|120
269,5.0,2015-07-01,2015-07-07,RLC,29.7,28.9,10200.0,303833.673,292141.719,60588.0,-11691.954,-0.19,2015-07-07,28.9,292141.719,-11691.954,-0.19,ATRChannel7|3|120,ATRChannel7|3|120
270,34.0,2015-07-08,2015-08-26,AR,0.0065,0.0047,46000000.0,299882.05,214265.01,59800.0,-85617.04,-1.43,2015-08-26,0.0047,214265.01,-85617.04,-1.43,ATRChannel7|3|120,ATRChannel7|3|120
271,28.0,2015-07-08,2015-08-17,SMPH,20.2,20.15,14900.0,301867.891,297547.8968,60196.0,-4319.9942,-0.07,2015-08-17,20.15,297547.8968,-4319.9942,-0.07,ATRChannel7|3|120,ATRChannel7|3|120
272,23.0,2015-07-14,2015-08-14,GTCAP,1374.0,1318.0,215.0,296281.4595,280833.8385,59082.0,-15447.621,-0.26,2015-08-14,1318.0,280833.8385,-15447.621,-0.26,ATRChannel7|3|120,ATRChannel7|3|120
273,15.0,2015-07-14,2015-08-04,ISM,1.53,1.31,195000.0,299230.1325,253163.7225,59670.0,-46066.41,-0.77,2015-08-04,1.31,253163.7225,-46066.41,-0.77,ATRChannel7|3|120,ATRChannel7|3|120
274,3.0,2015-07-27,2015-07-29,AC,787.0,771.0,380.0,299942.227,290357.829,59812.0,-9584.398,-0.16,2015-07-29,771.0,290357.829,-9584.398,-0.16,ATRChannel7|3|120,ATRChannel7|3|120
275,19.0,2015-07-29,2015-08-26,PBB,12.4,12.0267,23900.0,297234.262,284865.5587,59272.0,-12368.7033,-0.21,2015-08-26,12.0267,284865.5587,-12368.7033,-0.21,ATRChannel7|3|120,ATRChannel7|3|120
276,5.0,2015-08-04,2015-08-10,AC,781.0,769.5,380.0,297655.501,289792.9305,59356.0,-7862.5705,-0.13,2015-08-10,769.5,289792.9305,-7862.5705,-0.13,ATRChannel7|3|120,ATRChannel7|3|120
277,7.0,2015-08-10,2015-08-18,SGI,1.27,1.28,231000.0,294235.4415,293033.664,58674.0,-1201.7775,-0.02,2015-08-18,1.28,293033.664,-1201.7775,-0.02,ATRChannel7|3|120,ATRChannel7|3|120
278,2.0,2015-08-17,2015-08-18,SM,618.6667,600.0,460.0,285426.2127,273529.8,56917.3364,-11896.4127,-0.21,2015-08-18,600.0,273529.8,-11896.4127,-0.21,ATRChannel7|3|120,ATRChannel7|3|120
279,15.0,2015-08-18,2015-09-09,PA,0.045,0.039,6260000.0,282531.015,241954.947,56340.0,-40576.068,-0.72,2015-09-09,0.039,241954.947,-40576.068,-0.72,ATRChannel7|3|120,ATRChannel7|3|120
280,5.0,2015-08-18,2015-08-25,GMA7,6.51,6.0,43300.0,282714.5549,257474.79,56376.6,-25239.7649,-0.45,2015-08-25,6.0,257474.79,-25239.7649,-0.45,ATRChannel7|3|120,ATRChannel7|3|120
281,63.0,2015-08-19,2015-11-20,ISM,1.39,1.37,206000.0,287184.703,279694.131,57268.0,-7490.572,-0.13,2015-11-20,1.37,279694.131,-7490.572,-0.13,ATRChannel7|3|120,ATRChannel7|3|120
282,3.0,2015-08-20,2015-08-25,CEB,90.3,84.95,3160.0,286189.7766,266039.4441,57069.6,-20150.3325,-0.35,2015-08-25,84.95,266039.4441,-20150.3325,-0.35,ATRChannel7|3|120,ATRChannel7|3|120
283,22.0,2015-08-27,2015-09-29,DNL,11.0,10.1,23600.0,260365.82,236226.678,51920.0,-24139.142,-0.46,2015-09-29,10.1,236226.678,-24139.142,-0.46,ATRChannel7|3|120,ATRChannel7|3|120
284,54.0,2015-08-27,2015-11-12,2GO,9.45,7.76,27500.0,260641.6312,211490.07,51975.0,-49151.5612,-0.95,2015-11-12,7.76,211490.07,-49151.5612,-0.95,ATRChannel7|3|120,ATRChannel7|3|120
285,19.0,2015-08-28,2015-09-24,GLO,2500.0,2490.0,100.0,250737.5,246771.45,50000.0,-3966.05,-0.08,2015-09-24,2490.0,246771.45,-3966.05,-0.08,ATRChannel7|3|120,ATRChannel7|3|120
286,88.0,2015-08-28,2016-01-12,MPI,5.0,5.06,51500.0,258259.625,258257.7195,51500.0,-1.9055,-0.0,2016-01-12,5.06,258257.7195,-1.9055,-0.0,ATRChannel7|3|120,ATRChannel7|3|120
287,15.0,2015-09-02,2015-09-22,IRC,1.4,1.36,185000.0,259764.05,249348.18,51800.0,-10415.87,-0.2,2015-09-22,1.36,249348.18,-10415.87,-0.2,ATRChannel7|3|120,ATRChannel7|3|120
288,85.0,2015-09-03,2016-01-12,X,11.38,13.2,22800.0,260229.4188,298266.408,51892.8,38036.9892,0.73,2016-01-12,13.2,298266.408,38036.9892,0.73,ATRChannel7|3|120,ATRChannel7|3|120
289,109.0,2015-09-04,2016-04-08,VMC,4.8,4.73,54000.0,259964.64,253133.991,51840.0,-6830.649,-0.13,2016-04-08,4.73,253133.991,-6830.649,-0.13,ATRChannel7|3|120,ATRChannel7|3|120
290,24.0,2015-09-09,2015-10-13,ION,0.65,2.3,387000.0,252292.0725,882133.605,50310.0,629841.5325,12.52,2015-10-13,2.3,882133.605,629841.5325,12.52,ATRChannel7|3|120,
291,7.0,2015-09-22,2015-10-01,AR,0.0058,0.0053,59000000.0,343209.49,309901.335,68440.0,-33308.155,-0.49,2015-10-01,0.0053,309901.335,-33308.155,-0.49,ATRChannel7|3|120,ATRChannel7|3|120
292,3.0,2015-09-24,2015-09-29,DNA,20.0,15.475,16900.0,338997.1,259186.8289,67600.0,-79810.2711,-1.18,2015-09-29,15.475,259186.8289,-79810.2711,-1.18,ATRChannel7|3|120,ATRChannel7|3|120
293,52.0,2015-10-02,2015-12-17,DIZ,8.0,7.3,44300.0,355445.48,320495.6595,70880.0,-34949.8205,-0.49,2015-12-17,7.3,320495.6595,-34949.8205,-0.49,ATRChannel7|3|120,ATRChannel7|3|120
294,184.0,2015-10-02,2016-07-11,WEB,18.74,20.0,18900.0,355230.8487,374616.9,70837.2,19386.0513,0.27,2016-07-11,20.0,374616.9,19386.0513,0.27,ATRChannel7|3|120,ATRChannel7|3|120
295,5.0,2015-10-13,2015-10-19,IMI,6.13,5.97,51200.0,314781.8752,302928.3072,62771.2,-11853.568,-0.19,2015-10-19,5.97,302928.3072,-11853.568,-0.19,ATRChannel7|3|120,ATRChannel7|3|120
296,26.0,2015-10-13,2015-11-17,JFC,200.4,195.0,1560.0,313546.2408,301477.41,62524.8,-12068.8308,-0.19,2015-11-17,195.0,301477.41,-12068.8308,-0.19,ATRChannel7|3|120,ATRChannel7|3|120
297,23.0,2015-10-14,2015-11-13,PHEN,2.17,2.04,143000.0,311225.4145,289109.106,62062.0,-22116.3085,-0.36,2015-11-13,2.04,289109.106,-22116.3085,-0.36,ATRChannel7|3|120,ATRChannel7|3|120
298,52.0,2015-10-19,2016-01-08,BRN,0.6833,0.575,454000.0,311133.3437,258713.6025,62043.64,-52419.7412,-0.84,2016-01-08,0.575,258713.6025,-52419.7412,-0.84,ATRChannel7|3|120,ATRChannel7|3|120
299,16.0,2015-11-13,2015-12-10,CEI,0.143,0.122,2200000.0,315528.07,265997.82,62920.0,-49530.25,-0.79,2015-12-10,0.122,265997.82,-49530.25,-0.79,ATRChannel7|3|120,ATRChannel7|3|120
300,12.0,2015-11-17,2015-12-07,MWIDE,6.43,5.7,47200.0,304391.3132,266632.092,60699.2,-37759.2212,-0.62,2015-12-07,5.7,266632.092,-37759.2212,-0.62,ATRChannel7|3|120,ATRChannel7|3|120
301,37.0,2015-11-20,2016-01-19,COSCO,7.55,7.05,40600.0,307434.2635,283668.2415,61306.0,-23766.022,-0.39,2016-01-19,7.05,283668.2415,-23766.022,-0.39,ATRChannel7|3|120,ATRChannel7|3|120
302,7.0,2015-12-07,2015-12-15,MED,0.52,0.53,572000.0,298317.448,300446.718,59488.0,2129.27,0.04,2015-12-15,0.53,300446.718,2129.27,0.04,ATRChannel7|3|120,ATRChannel7|3|120
303,3.0,2015-12-11,2015-12-15,HOUSE,7.0,6.65,42500.0,298377.625,280095.5062,59500.0,-18282.1188,-0.31,2015-12-15,6.65,280095.5062,-18282.1188,-0.31,ATRChannel7|3|120,ATRChannel7|3|120
304,14.0,2015-12-15,2016-01-08,SMPH,22.0,20.05,13200.0,291256.68,262291.293,58080.0,-28965.387,-0.5,2016-01-08,20.05,262291.293,-28965.387,-0.5,ATRChannel7|3|120,ATRChannel7|3|120
305,9.0,2015-12-16,2016-01-04,MED,0.49,0.48,599000.0,294375.8545,284946.696,58702.0,-9429.1585,-0.16,2016-01-04,0.48,284946.696,-9429.1585,-0.16,ATRChannel7|3|120,ATRChannel7|3|120
306,12.0,2015-12-17,2016-01-12,PBB,14.0,13.1667,21000.0,294867.3,274026.0187,58800.0,-20841.2813,-0.35,2016-01-12,13.1667,274026.0187,-20841.2813,-0.35,ATRChannel7|3|120,ATRChannel7|3|120
307,282.0,2016-01-04,2017-02-23,FDC,4.2,8.02,70000.0,294867.3,556375.47,58800.0,261508.17,4.45,2017-02-23,8.02,556375.47,261508.17,4.45,ATRChannel7|3|120,ATRChannel7|3|120
308,2.0,2016-01-11,2016-01-12,EMP,8.9,8.5,31800.0,283854.909,267880.815,56604.0,-15974.094,-0.28,2016-01-12,8.5,267880.815,-15974.094,-0.28,ATRChannel7|3|120,ATRChannel7|3|120
309,110.0,2016-01-12,2016-06-22,DFNN,5.51,6.32,49900.0,275760.0995,312545.4564,54989.8,36785.3569,0.67,2016-06-22,6.32,312545.4564,36785.3569,0.67,ATRChannel7|3|120,ATRChannel7|3|120
310,203.0,2016-01-13,2016-11-04,SMC,52.0,80.0,5280.0,275369.952,418619.52,54912.0,143249.568,2.61,2016-11-04,80.0,418619.52,143249.568,2.61,ATRChannel7|3|120,ATRChannel7|3|120
311,7.0,2016-01-14,2016-01-22,JFC,203.0,196.1,1370.0,278930.4245,266252.5198,55622.0,-12677.9047,-0.23,2016-01-22,196.1,266252.5198,-12677.9047,-0.23,ATRChannel7|3|120,ATRChannel7|3|120
312,75.0,2016-01-14,2016-05-03,LTG,14.08,15.0,19800.0,279606.4128,294341.85,55756.8,14735.4372,0.26,2016-05-03,15.0,294341.85,14735.4372,0.26,ATRChannel7|3|120,ATRChannel7|3|120
313,170.0,2016-01-14,2016-09-19,MPI,5.15,6.57,54200.0,279953.4335,352906.9587,55826.0,72953.5252,1.31,2016-09-19,6.57,352906.9587,72953.5252,1.31,ATRChannel7|3|120,ATRChannel7|3|120
314,109.0,2016-01-20,2016-06-27,PHEN,2.1,2.33,133000.0,280123.935,307116.4845,55860.0,26992.5495,0.48,2016-06-27,2.33,307116.4845,26992.5495,0.48,ATRChannel7|3|120,ATRChannel7|3|120
315,108.0,2016-01-22,2016-06-28,MWC,24.2,26.45,11400.0,276693.846,298831.3065,55176.0,22137.4605,0.4,2016-06-28,26.45,298831.3065,22137.4605,0.4,ATRChannel7|3|120,ATRChannel7|3|120
316,131.0,2016-04-08,2016-10-13,AC,750.0,845.0,410.0,308407.125,343349.2725,61500.0,34942.1475,0.57,2016-10-13,845.0,343349.2725,34942.1475,0.57,ATRChannel7|3|120,ATRChannel7|3|120
317,15.0,2016-05-04,2016-05-25,BKR,1.52,1.4,206000.0,314043.704,285818.82,62624.0,-28224.884,-0.45,2016-05-25,1.4,285818.82,-28224.884,-0.45,ATRChannel7|3|120,ATRChannel7|3|120
318,24.0,2016-05-25,2016-06-27,SUN,1.04,0.98,311000.0,324394.148,302052.219,64688.0,-22341.929,-0.35,2016-06-27,0.98,302052.219,-22341.929,-0.35,ATRChannel7|3|120,ATRChannel7|3|120
319,13.0,2016-06-27,2016-07-14,OV,0.012,0.013,26900000.0,323752.26,346570.185,64560.0,22817.925,0.35,2016-07-14,0.013,346570.185,22817.925,0.35,ATRChannel7|3|120,ATRChannel7|3|120
320,65.0,2016-06-28,2016-10-25,SOC,0.86,0.88,374000.0,322588.838,326174.376,64328.0,3585.538,0.06,2016-10-25,0.88,326174.376,3585.538,0.06,ATRChannel7|3|120,ATRChannel7|3|120
321,34.0,2016-06-28,2016-08-15,NI,2.7,2.71,119000.0,322247.835,319603.7145,64260.0,-2644.1205,-0.04,2016-08-15,2.71,319603.7145,-2644.1205,-0.04,ATRChannel7|3|120,ATRChannel7|3|120
322,48.0,2016-07-11,2016-09-16,ABA,0.405,0.385,780000.0,316831.905,297612.315,63180.0,-19219.59,-0.3,2016-09-16,0.385,297612.315,-19219.59,-0.3,ATRChannel7|3|120,ATRChannel7|3|120
323,7.0,2016-07-11,2016-07-19,MG,0.295,0.275,1070000.0,316581.1675,291616.4625,63130.0,-24964.705,-0.4,2016-07-19,0.275,291616.4625,-24964.705,-0.4,ATRChannel7|3|120,ATRChannel7|3|120
324,62.0,2016-07-14,2016-10-11,AGI,15.7,15.68,20300.0,319650.1945,315455.1792,63742.0,-4195.0153,-0.07,2016-10-11,15.68,315455.1792,-4195.0153,-0.07,ATRChannel7|3|120,ATRChannel7|3|120
325,13.0,2016-08-15,2016-09-01,HOUSE,7.9,7.62,41000.0,324855.505,309623.841,64780.0,-15231.664,-0.24,2016-09-01,7.62,309623.841,-15231.664,-0.24,ATRChannel7|3|120,ATRChannel7|3|120
326,7.0,2016-09-01,2016-09-09,ATN,0.39,0.37,840000.0,328566.42,308018.34,65520.0,-20548.08,-0.31,2016-09-09,0.37,308018.34,-20548.08,-0.31,ATRChannel7|3|120,ATRChannel7|3|120
327,14.0,2016-09-09,2016-09-29,ALCO,0.29,0.27,1120000.0,325758.16,299693.52,64960.0,-26064.64,-0.4,2016-09-29,0.27,299693.52,-26064.64,-0.4,ATRChannel7|3|120,ATRChannel7|3|120
328,33.0,2016-09-16,2016-11-03,AEV,77.45,75.1,4190.0,325472.8207,311852.7124,64903.1,-13620.1083,-0.21,2016-11-03,75.1,311852.7124,-13620.1083,-0.21,ATRChannel7|3|120,ATRChannel7|3|120
329,172.0,2016-09-19,2017-06-05,DFNN,6.72,8.46,47900.0,322837.5696,401607.1557,64377.6,78769.5861,1.22,2017-06-05,8.46,401607.1557,78769.5861,1.22,ATRChannel7|3|120,ATRChannel7|3|120
330,2.0,2016-09-29,2016-09-30,ATNB,0.365,0.36,880000.0,322147.54,313964.64,64240.0,-8182.9,-0.13,2016-09-30,0.36,313964.64,-8182.9,-0.13,ATRChannel7|3|120,ATRChannel7|3|120
331,7.0,2016-09-30,2016-10-10,ALI,39.85,38.2,8000.0,319740.46,302864.88,63760.0,-16875.58,-0.26,2016-10-10,38.2,302864.88,-16875.58,-0.26,ATRChannel7|3|120,ATRChannel7|3|120
332,5.0,2016-10-10,2016-10-14,CEB,108.0,102.9,2960.0,320623.056,301857.9732,63936.0,-18765.0828,-0.29,2016-10-14,102.9,301857.9732,-18765.0828,-0.29,ATRChannel7|3|120,ATRChannel7|3|120
333,3.0,2016-10-11,2016-10-13,DD,56.05,55.1,5670.0,318741.0203,309620.8678,63560.7,-9120.1525,-0.14,2016-10-13,55.1,309620.8678,-9120.1525,-0.14,ATRChannel7|3|120,ATRChannel7|3|120
334,2.0,2016-10-13,2016-10-14,GSMI,12.06,11.9,26200.0,316904.1174,308989.569,63194.4,-7914.5484,-0.13,2016-10-14,11.9,308989.569,-7914.5484,-0.13,ATRChannel7|3|120,ATRChannel7|3|120
335,36.0,2016-10-13,2016-12-12,LBC,12.66,13.2,25000.0,317433.675,327046.5,63300.0,9612.825,0.15,2016-12-12,13.2,327046.5,9612.825,0.15,ATRChannel7|3|120,ATRChannel7|3|120
336,2.0,2016-10-14,2016-10-17,CNPF,15.6,15.58,20000.0,312920.4,308811.18,62400.0,-4109.22,-0.07,2016-10-17,15.58,308811.18,-4109.22,-0.07,ATRChannel7|3|120,ATRChannel7|3|120
337,12.0,2016-10-17,2016-11-03,EDC,5.9,5.71,53000.0,313622.465,299921.4615,62540.0,-13701.0035,-0.22,2016-11-03,5.71,299921.4615,-13701.0035,-0.22,ATRChannel7|3|120,ATRChannel7|3|120
338,15.0,2016-10-17,2016-11-08,BHI,0.089,0.082,3510000.0,313311.5505,285244.011,62478.0,-28067.5395,-0.45,2016-11-08,0.082,285244.011,-28067.5395,-0.45,ATRChannel7|3|120,ATRChannel7|3|120
339,6.0,2016-10-25,2016-11-03,CEI,0.154,0.149,2020000.0,311997.686,298286.229,62216.0,-13711.457,-0.22,2016-11-03,0.149,298286.229,-13711.457,-0.22,ATRChannel7|3|120,ATRChannel7|3|120
340,9.0,2016-11-03,2016-11-15,APX,3.03,2.88,101000.0,306932.7885,288276.624,61206.0,-18656.1645,-0.3,2016-11-15,2.88,288276.624,-18656.1645,-0.3,ATRChannel7|3|120,ATRChannel7|3|120
341,10.0,2016-11-03,2016-11-16,FOOD,0.96,0.91,320000.0,308106.24,288593.76,61440.0,-19512.48,-0.32,2016-11-16,0.91,288593.76,-19512.48,-0.32,ATRChannel7|3|120,ATRChannel7|3|120
342,12.0,2016-11-03,2016-11-22,CIP,250.0,150.0,1220.0,305899.75,181362.15,61000.0,-124537.6,-2.04,2016-11-22,150.0,181362.15,-124537.6,-2.04,ATRChannel7|3|120,ATRChannel7|3|120
343,5.0,2016-11-04,2016-11-10,SLI,1.01,0.97,298000.0,301867.891,286472.913,60196.0,-15394.978,-0.26,2016-11-10,0.97,286472.913,-15394.978,-0.26,ATRChannel7|3|120,ATRChannel7|3|120
344,7.0,2016-11-07,2016-11-15,AUB,47.75,46.6,6200.0,296923.3475,286334.166,59210.0,-10589.1815,-0.18,2016-11-15,46.6,286334.166,-10589.1815,-0.18,ATRChannel7|3|120,ATRChannel7|3|120
345,7.0,2016-11-08,2016-11-16,CPG,0.61,0.56,487000.0,297946.3565,270279.156,59414.0,-27667.2005,-0.47,2016-11-16,0.56,270279.156,-27667.2005,-0.47,ATRChannel7|3|120,ATRChannel7|3|120
346,2.0,2016-11-10,2016-11-11,PX,8.48,8.25,35200.0,299376.5632,287800.92,59699.2,-11575.6432,-0.19,2016-11-11,8.25,287800.92,-11575.6432,-0.19,ATRChannel7|3|120,ATRChannel7|3|120
347,282.0,2016-11-11,2018-01-09,ANI,3.75,10.46,78000.0,293362.875,808577.874,58500.0,515214.999,8.81,2018-01-09,10.46,808577.874,515214.999,8.81,ATRChannel7|3|120,ATRChannel7|3|120
348,97.0,2016-11-15,2017-04-04,RFM,4.47,4.74,64000.0,286923.936,300644.928,57216.0,13720.992,0.24,2017-04-04,4.74,300644.928,13720.992,0.24,ATRChannel7|3|120,ATRChannel7|3|120
349,74.0,2016-11-16,2017-03-03,DIZ,9.0,10.24,31200.0,281628.36,316628.5824,56160.0,35000.2224,0.62,2017-03-03,10.24,316628.5824,35000.2224,0.62,ATRChannel7|3|120,ATRChannel7|3|120
350,65.0,2016-11-17,2017-02-21,ALCO,0.3,1.01,930000.0,279823.05,930893.265,55800.0,651070.215,11.67,2017-02-21,1.01,930893.265,651070.215,11.67,ATRChannel7|3|120,
351,18.0,2016-11-17,2016-12-13,ICT,75.75,72.0,3710.0,281861.5459,264729.276,56206.5,-17132.2699,-0.3,2016-12-13,72.0,264729.276,-17132.2699,-0.3,ATRChannel7|3|120,ATRChannel7|3|120
352,6.0,2016-12-12,2016-12-19,HLCM,16.9,16.5,18500.0,313572.3175,302518.0125,62530.0,-11054.305,-0.18,2016-12-19,16.5,302518.0125,-11054.305,-0.18,ATRChannel7|3|120,ATRChannel7|3|120
353,6.0,2016-12-14,2016-12-21,BLOOM,6.22,5.8,50400.0,314412.7896,289703.736,62697.6,-24709.0536,-0.39,2016-12-21,5.8,289703.736,-24709.0536,-0.39,ATRChannel7|3|120,ATRChannel7|3|120
354,58.0,2016-12-19,2017-03-13,COSCO,8.81,8.58,35700.0,315444.8251,303564.5613,62903.4,-11880.2638,-0.19,2017-03-13,8.58,303564.5613,-11880.2638,-0.19,ATRChannel7|3|120,ATRChannel7|3|120
355,55.0,2016-12-22,2017-03-13,COAL,0.48,0.43,650000.0,312920.4,276998.475,62400.0,-35921.925,-0.58,2017-03-13,0.43,276998.475,-35921.925,-0.58,ATRChannel7|3|120,ATRChannel7|3|120
356,23.0,2017-02-21,2017-03-23,IMP,4.2,3.57,88000.0,370690.32,311348.268,73920.0,-59342.052,-0.8,2017-03-23,3.57,311348.268,-59342.052,-0.8,ATRChannel7|3|120,
357,82.0,2017-02-21,2017-06-21,JGS,76.3,78.35,4890.0,374207.6656,379702.4731,74621.4,5494.8074,0.07,2017-06-21,78.35,379702.4731,5494.8074,0.07,ATRChannel7|3|120,ATRChannel7|3|120
358,8.0,2017-02-23,2017-03-06,ABS,47.7,46.95,7900.0,377941.6485,367585.4003,75366.0,-10356.2483,-0.14,2017-03-06,46.95,367585.4003,-10356.2483,-0.14,ATRChannel7|3|120,ATRChannel7|3|120
359,6.0,2017-02-23,2017-03-02,ABSP,47.0,46.5,8000.0,377109.2,368670.6,75200.0,-8438.6,-0.11,2017-03-02,46.5,368670.6,-8438.6,-0.11,ATRChannel7|3|120,ATRChannel7|3|120
360,8.0,2017-03-02,2017-03-21,ATNB,0.39,0.35,940000.0,367681.47,326055.45,73320.0,-41626.02,-0.57,2017-03-21,0.35,326055.45,-41626.02,-0.57,ATRChannel7|3|120,ATRChannel7|3|120
361,4.0,2017-03-03,2017-03-08,ABSP,47.0,46.1,7700.0,362967.605,351793.0185,72380.0,-11174.5865,-0.15,2017-03-08,46.1,351793.0185,-11174.5865,-0.15,ATRChannel7|3|120,ATRChannel7|3|120
362,229.0,2017-03-06,2018-02-13,AC,802.0,1011.0,450.0,361964.655,450878.1975,72180.0,88913.5425,1.23,2018-02-13,1011.0,450878.1975,88913.5425,1.23,ATRChannel7|3|120,ATRChannel7|3|120
363,10.0,2017-03-08,2017-03-22,ANS,6.3,6.03,57500.0,363318.6375,343621.8113,72450.0,-19696.8262,-0.27,2017-03-22,6.03,343621.8113,-19696.8262,-0.27,ATRChannel7|3|120,ATRChannel7|3|120
364,35.0,2017-03-13,2017-05-04,NOW,3.15,2.71,113000.0,357000.0525,303489.2415,71190.0,-53510.811,-0.75,2017-05-04,2.71,303489.2415,-53510.811,-0.75,ATRChannel7|3|120,ATRChannel7|3|120
365,9.0,2017-03-21,2017-03-31,PHEN,2.27,2.19,156000.0,355164.654,338582.322,70824.0,-16582.332,-0.23,2017-03-31,2.19,338582.322,-16582.332,-0.23,ATRChannel7|3|120,ATRChannel7|3|120
366,8.0,2017-03-22,2017-03-31,COSCO,8.83,8.6,39900.0,353356.3351,340068.897,70463.4,-13287.4382,-0.19,2017-03-31,8.6,340068.897,-13287.4382,-0.19,ATRChannel7|3|120,ATRChannel7|3|120
367,7.0,2017-03-23,2017-03-31,HI,6.24,6.15,56000.0,350470.848,341317.62,69888.0,-9153.228,-0.13,2017-03-31,6.15,341317.62,-9153.228,-0.13,ATRChannel7|3|120,ATRChannel7|3|120
368,12.0,2017-03-31,2017-04-21,ABSP,46.0,46.1,7500.0,346017.75,342655.5375,69000.0,-3362.2125,-0.05,2017-04-21,46.1,342655.5375,-3362.2125,-0.05,ATRChannel7|3|120,ATRChannel7|3|120
369,46.0,2017-03-31,2017-06-08,AEV,75.1,73.9,4620.0,347985.5379,338362.3089,69392.4,-9623.229,-0.14,2017-06-08,73.9,338362.3089,-9623.229,-0.14,ATRChannel7|3|120,ATRChannel7|3|120
370,40.0,2017-03-31,2017-07-17,IPO,12.1,12.66,28600.0,347080.877,358835.4198,69212.0,11754.5428,0.17,2017-07-17,12.66,358835.4198,11754.5428,0.17,ATRChannel7|3|120,ATRChannel7|3|120
371,18.0,2017-04-04,2017-05-03,SBS,5.9327,5.6923,58300.0,346896.7454,328890.9332,69175.282,-18005.8122,-0.26,2017-05-03,5.6923,328890.9332,-18005.8122,-0.26,ATRChannel7|3|120,ATRChannel7|3|120
372,139.0,2017-04-21,2017-11-16,ALI,35.3,42.05,9800.0,346960.523,408401.7945,69188.0,61441.2715,0.89,2017-11-16,42.05,408401.7945,61441.2715,0.89,ATRChannel7|3|120,ATRChannel7|3|120
373,11.0,2017-05-03,2017-05-17,AR,0.0034,0.0032,102000000.0,347823.06,323478.72,69360.0,-24344.34,-0.35,2017-05-17,0.0032,323478.72,-24344.34,-0.35,ATRChannel7|3|120,ATRChannel7|3|120
374,3.0,2017-05-04,2017-05-08,AT,5.53,5.31,63000.0,349417.7505,331535.9565,69678.0,-17881.794,-0.26,2017-05-08,5.31,331535.9565,-17881.794,-0.26,ATRChannel7|3|120,ATRChannel7|3|120
375,4.0,2017-05-08,2017-05-11,RLC,26.25,25.0,13300.0,350154.9188,329524.125,69825.0,-20630.7938,-0.3,2017-05-11,25.0,329524.125,-20630.7938,-0.3,ATRChannel7|3|120,ATRChannel7|3|120
376,136.0,2017-05-11,2017-11-29,GERI,1.07,1.49,324000.0,347702.706,478439.298,69336.0,130736.592,1.89,2017-11-29,1.49,478439.298,130736.592,1.89,ATRChannel7|3|120,ATRChannel7|3|120
377,147.0,2017-05-17,2017-12-22,AUB,49.2,59.7,6900.0,340481.466,408243.2265,67896.0,67761.7605,1.0,2017-12-22,59.7,408243.2265,67761.7605,1.0,ATRChannel7|3|120,ATRChannel7|3|120
378,10.0,2017-06-05,2017-06-19,SMC2C,81.95,81.0,4430.0,364109.4636,355618.4715,72607.7,-8490.9921,-0.12,2017-06-19,81.0,355618.4715,-8490.9921,-0.12,ATRChannel7|3|120,ATRChannel7|3|120
379,96.0,2017-06-08,2017-10-30,CEI,0.174,0.199,2080000.0,362987.664,410215.416,72384.0,47227.752,0.65,2017-10-30,0.199,410215.416,47227.752,0.65,ATRChannel7|3|120,ATRChannel7|3|120
380,116.0,2017-06-19,2017-12-12,ANS,6.56,7.08,55700.0,366469.9064,390826.5138,73078.4,24356.6074,0.33,2017-12-12,7.08,390826.5138,24356.6074,0.33,ATRChannel7|3|120,ATRChannel7|3|120
381,19.0,2017-06-21,2017-07-18,APO,1.23,1.17,294000.0,362686.779,340901.379,72324.0,-21785.4,-0.3,2017-07-18,1.17,340901.379,-21785.4,-0.3,ATRChannel7|3|120,ATRChannel7|3|120
382,8.0,2017-07-17,2017-07-26,FNI,2.66,2.5,148000.0,394841.356,366688.5,78736.0,-28152.856,-0.36,2017-07-26,2.5,366688.5,-28152.856,-0.36,ATRChannel7|3|120,ATRChannel7|3|120
383,4.0,2017-07-26,2017-07-31,GMA7,6.26,6.22,62100.0,389892.8007,382804.9551,77749.2,-7087.8456,-0.09,2017-07-31,6.22,382804.9551,-7087.8456,-0.09,ATRChannel7|3|120,ATRChannel7|3|120
384,10.0,2017-07-31,2017-08-11,ABA,0.4,0.36,970000.0,389144.6,346074.66,77600.0,-43069.94,-0.56,2017-08-11,0.36,346074.66,-43069.94,-0.56,ATRChannel7|3|120,ATRChannel7|3|120
385,12.0,2017-08-11,2017-08-30,BPI,106.0,104.7,3660.0,389104.482,379772.3421,77592.0,-9332.1399,-0.12,2017-08-30,104.7,379772.3421,-9332.1399,-0.12,ATRChannel7|3|120,ATRChannel7|3|120
386,28.0,2017-08-31,2017-10-13,CHI,5.32,5.25,75000.0,400177.05,390225.9375,79800.0,-9951.1125,-0.12,2017-10-13,5.25,390225.9375,-9951.1125,-0.12,ATRChannel7|3|120,ATRChannel7|3|120
387,4.0,2017-10-13,2017-10-19,APX,1.88,1.72,219000.0,412934.574,373308.714,82344.0,-39625.86,-0.48,2017-10-19,1.72,373308.714,-39625.86,-0.48,ATRChannel7|3|120,ATRChannel7|3|120
388,7.0,2017-10-19,2017-10-27,LMG,4.96,4.12,81900.0,407422.3608,334408.0194,81244.8,-73014.3414,-0.9,2017-10-27,4.12,334408.0194,-73014.3414,-0.9,ATRChannel7|3|120,ATRChannel7|3|120
389,26.0,2017-10-27,2017-12-06,FNI,2.73,2.63,147000.0,402493.8645,383149.8405,80262.0,-19344.024,-0.24,2017-12-06,2.63,383149.8405,-19344.024,-0.24,ATRChannel7|3|120,ATRChannel7|3|120
390,10.0,2017-10-30,2017-11-14,DMC,15.5,15.24,25800.0,401079.705,389672.9316,79980.0,-11406.7734,-0.14,2017-11-14,15.24,389672.9316,-11406.7734,-0.14,ATRChannel7|3|120,ATRChannel7|3|120
391,11.0,2017-11-14,2017-12-01,ATI,11.5,11.2,35400.0,408300.945,392931.504,81420.0,-15369.441,-0.19,2017-12-01,11.2,392931.504,-15369.441,-0.19,ATRChannel7|3|120,ATRChannel7|3|120
392,29.0,2017-11-16,2017-12-29,FDC,8.0,7.75,50800.0,407598.88,390176.385,81280.0,-17422.495,-0.21,2017-12-29,7.75,390176.385,-17422.495,-0.21,ATRChannel7|3|120,ATRChannel7|3|120
393,9.0,2017-11-29,2017-12-12,APL,0.046,0.043,8600000.0,396767.02,366490.29,79120.0,-30276.73,-0.38,2017-12-12,0.043,366490.29,-30276.73,-0.38,ATRChannel7|3|120,ATRChannel7|3|120
394,6.0,2017-12-01,2017-12-08,RRHI,97.0,91.0,4120.0,400818.938,371564.466,79928.0,-29254.472,-0.37,2017-12-08,91.0,371564.466,-29254.472,-0.37,ATRChannel7|3|120,ATRChannel7|3|120
395,33.0,2017-12-06,2018-01-25,ION,2.23,1.9,176000.0,393637.816,331407.12,78496.0,-62230.696,-0.79,2018-01-25,1.9,331407.12,-62230.696,-0.79,ATRChannel7|3|120,ATRChannel7|3|120
396,41.0,2017-12-08,2018-02-08,RLT,0.64,0.54,615000.0,394761.12,329127.705,78720.0,-65633.415,-0.83,2018-02-08,0.54,329127.705,-65633.415,-0.83,ATRChannel7|3|120,ATRChannel7|3|120
397,5.0,2017-12-12,2017-12-18,ALI,43.25,42.85,9000.0,390398.2875,382198.4325,77850.0,-8199.855,-0.11,2017-12-18,42.85,382198.4325,-8199.855,-0.11,ATRChannel7|3|120,ATRChannel7|3|120
398,8.0,2017-12-12,2017-12-21,ECP,4.15,14.1,94700.0,394164.3648,1323319.3335,78601.0,929154.9687,11.82,2017-12-21,14.1,1323319.3335,929154.9687,11.82,ATRChannel7|3|120,
399,13.0,2017-12-21,2018-01-17,JOH,6.49,5.2,84300.0,548720.9657,434436.678,109421.4,-114284.2877,-1.04,2018-01-17,5.2,434436.678,-114284.2877,-1.04,ATRChannel7|3|120,ATRChannel7|3|120
400,68.0,2017-12-21,2018-04-04,BPI,104.7,110.0,5220.0,548146.2753,569060.91,109306.8,20914.6347,0.19,2018-04-04,110.0,569060.91,20914.6347,0.19,ATRChannel7|3|120,ATRChannel7|3|120
401,6.0,2017-12-22,2018-01-04,PGOLD,50.2,49.3,9500.0,478306.855,464158.2675,95380.0,-14148.5875,-0.15,2018-01-04,49.3,464158.2675,-14148.5875,-0.15,ATRChannel7|3|120,ATRChannel7|3|120
402,37.0,2017-12-22,2018-02-19,NOW,2.9,11.8,165000.0,479911.575,1929574.35,95700.0,1449662.775,15.15,2018-02-19,11.8,1929574.35,1449662.775,15.15,ATRChannel7|3|120,
403,10.0,2017-12-29,2018-01-15,AP,41.5,40.0,11400.0,474495.645,451918.8,94620.0,-22576.845,-0.24,2018-01-15,40.0,451918.8,-22576.845,-0.24,ATRChannel7|3|120,ATRChannel7|3|120
404,58.0,2018-01-04,2018-03-27,DNL,11.2,11.16,42100.0,472910.984,465630.9678,94304.0,-7280.0162,-0.08,2018-03-27,11.16,465630.9678,-7280.0162,-0.08,ATRChannel7|3|120,ATRChannel7|3|120
405,33.0,2018-01-09,2018-02-23,MRP,8.6,7.51,53200.0,458869.684,395956.1886,91504.0,-62913.4954,-0.69,2018-02-23,7.51,395956.1886,-62913.4954,-0.69,ATRChannel7|3|120,ATRChannel7|3|120
406,17.0,2018-01-15,2018-02-06,JGS,78.95,74.0,5760.0,456093.5184,422425.152,90950.4,-33668.3664,-0.37,2018-02-06,74.0,422425.152,-33668.3664,-0.37,ATRChannel7|3|120,ATRChannel7|3|120
407,4.0,2018-01-17,2018-01-22,GMAP,5.68,5.71,78900.0,449474.0484,446486.855,89630.4,-2987.1935,-0.03,2018-01-22,5.71,446486.855,-2987.1935,-0.03,ATRChannel7|3|120,ATRChannel7|3|120
408,9.0,2018-01-22,2018-02-01,2GO,21.2,20.3,22500.0,478407.15,452662.0875,95400.0,-25745.0625,-0.27,2018-02-01,20.3,452662.0875,-25745.0625,-0.27,ATRChannel7|3|120,ATRChannel7|3|120
409,62.0,2018-01-25,2018-04-26,CEI,0.237,0.235,2080000.0,494414.232,484425.24,98592.0,-9988.992,-0.1,2018-04-26,0.235,484425.24,-9988.992,-0.1,ATRChannel7|3|120,ATRChannel7|3|120
410,35.0,2018-02-01,2018-03-22,APL,0.048,0.047,10200000.0,491044.32,475109.37,97920.0,-15934.95,-0.16,2018-03-22,0.047,475109.37,-15934.95,-0.16,ATRChannel7|3|120,ATRChannel7|3|120
411,9.0,2018-02-06,2018-02-19,DNA,4.9,3.94,98000.0,481616.59,382664.226,96040.0,-98952.364,-1.03,2018-02-19,3.94,382664.226,-98952.364,-1.03,ATRChannel7|3|120,ATRChannel7|3|120
412,17.0,2018-02-13,2018-03-08,MBT,98.1,97.0,5320.0,523431.5814,511421.442,104378.4,-12010.1394,-0.12,2018-03-08,97.0,511421.442,-12010.1394,-0.12,ATRChannel7|3|120,ATRChannel7|3|120
413,13.0,2018-02-19,2018-03-07,EMP,7.71,7.4,80100.0,619392.8344,587434.977,123514.2,-31957.8575,-0.26,2018-03-07,7.4,587434.977,-31957.8575,-0.26,ATRChannel7|3|120,ATRChannel7|3|120
414,4.0,2018-02-19,2018-02-22,OPM,0.012,0.012,51400000.0,618619.56,611279.64,123360.0,-7339.92,-0.06,2018-02-22,0.012,611279.64,-7339.92,-0.06,ATRChannel7|3|120,ATRChannel7|3|120
415,4.0,2018-02-19,2018-02-22,CYBR,0.495,0.46,1240000.0,615610.71,565294.92,122760.0,-50315.79,-0.41,2018-02-22,0.46,565294.92,-50315.79,-0.41,ATRChannel7|3|120,ATRChannel7|3|120
416,48.0,2018-02-19,,MWIDE,19.2,,32100.0,618138.144,,123264.0,,,2018-04-30,23.95,761914.2847,143776.1408,1.17,ATRChannel7|3|120,
417,4.0,2018-02-22,2018-02-27,IMP,3.1,2.78,186000.0,578300.97,512452.134,115320.0,-65848.836,-0.57,2018-02-27,2.78,512452.134,-65848.836,-0.57,ATRChannel7|3|120,ATRChannel7|3|120
418,7.0,2018-02-22,2018-03-02,APX,1.87,1.64,309000.0,579534.5985,502224.498,115566.0,-77310.1005,-0.67,2018-03-02,1.64,502224.498,-77310.1005,-0.67,ATRChannel7|3|120,ATRChannel7|3|120
419,8.0,2018-02-23,2018-03-06,AEV,76.5,73.4,7430.0,570071.7653,540481.0101,113679.0,-29590.7552,-0.26,2018-03-06,73.4,540481.0101,-29590.7552,-0.26,ATRChannel7|3|120,ATRChannel7|3|120
420,20.0,2018-02-27,2018-03-26,APC,0.77,0.5,757000.0,584609.5255,375112.425,116578.0,-209497.1005,-1.8,2018-03-26,0.5,375112.425,-209497.1005,-1.8,ATRChannel7|3|120,ATRChannel7|3|120
421,2.0,2018-03-06,2018-03-07,ACE,1.6,1.37,355000.0,569675.6,481997.1675,113600.0,-87678.4325,-0.77,2018-03-07,1.37,481997.1675,-87678.4325,-0.77,ATRChannel7|3|120,ATRChannel7|3|120
422,11.0,2018-03-07,2018-03-21,ICT,110.0,106.0,5020.0,553828.99,527357.526,110440.0,-26471.464,-0.24,2018-03-21,106.0,527357.526,-26471.464,-0.24,ATRChannel7|3|120,ATRChannel7|3|120
423,20.0,2018-03-07,2018-04-06,IPO,13.18,12.8,41900.0,553871.1139,531519.936,110448.4,-22351.1779,-0.2,2018-04-06,12.8,531519.936,-22351.1779,-0.2,ATRChannel7|3|120,ATRChannel7|3|120
424,3.0,2018-03-08,2018-03-12,AC,1060.0,1039.0,510.0,542194.77,525147.4845,108120.0,-17047.2855,-0.16,2018-03-12,1039.0,525147.4845,-17047.2855,-0.16,ATRChannel7|3|120,ATRChannel7|3|120
425,4.0,2018-03-12,2018-03-15,BEL,3.95,3.71,138000.0,546708.045,507397.779,109020.0,-39310.266,-0.36,2018-03-15,3.71,507397.779,-39310.266,-0.36,ATRChannel7|3|120,ATRChannel7|3|120
426,21.0,2018-03-15,2018-04-17,CROWN,2.05,1.92,264000.0,542796.54,502343.424,108240.0,-40453.116,-0.37,2018-04-17,1.92,502343.424,-40453.116,-0.37,ATRChannel7|3|120,ATRChannel7|3|120
427,25.0,2018-03-21,,CA,83.25,,6110.0,510158.0396,,101731.5,,,2018-04-30,69.05,418119.5353,-92038.5044,-0.9,ATRChannel7|3|120,
428,14.0,2018-03-22,2018-04-13,ISM,1.5,1.44,331000.0,497964.675,472374.072,99300.0,-25590.603,-0.26,2018-04-13,1.44,472374.072,-25590.603,-0.26,ATRChannel7|3|120,ATRChannel7|3|120
429,23.0,2018-03-26,,VLL,6.44,,77100.0,497988.7458,,99304.8,,,2018-04-30,6.5,496664.7075,-1324.0383,-0.01,ATRChannel7|3|120,
430,19.0,2018-03-27,2018-04-25,TECH,50.5,48.0,9760.0,494333.996,464287.104,98576.0,-30046.892,-0.3,2018-04-25,48.0,464287.104,-30046.892,-0.3,ATRChannel7|3|120,ATRChannel7|3|120
431,12.0,2018-04-04,2018-04-20,DIZ,8.54,7.63,59100.0,506202.9063,446897.1496,100942.8,-59305.7566,-0.59,2018-04-20,7.63,446897.1496,-59305.7566,-0.59,ATRChannel7|3|120,ATRChannel7|3|120
432,16.0,2018-04-06,,EAGLE,15.18,,33200.0,505462.7292,,100795.2,,,2018-04-30,15.76,518549.0736,13086.3444,0.13,ATRChannel7|3|120,
433,10.0,2018-04-13,2018-04-26,BLOOM,12.88,12.1,38700.0,499926.4452,464078.9835,99691.2,-35847.4617,-0.36,2018-04-26,12.1,464078.9835,-35847.4617,-0.36,ATRChannel7|3|120,ATRChannel7|3|120
434,5.0,2018-04-19,2018-04-25,APX,1.83,1.63,270000.0,495557.595,436161.105,98820.0,-59396.49,-0.6,2018-04-25,1.63,436161.105,-59396.49,-0.6,ATRChannel7|3|120,ATRChannel7|3|120
435,7.0,2018-04-20,,PHA,0.4,,1200000.0,481416.0,,96000.0,,,2018-04-30,0.43,511381.8,29965.8,0.31,ATRChannel7|3|120,
436,3.0,2018-04-26,,CAT,25.6,,18400.0,472429.568,,94208.0,,,2018-04-30,24.3,443118.276,-29311.292,-0.31,ATRChannel7|3|120,
437,3.0,2018-04-26,,BRN,1.1,,430000.0,474395.35,,94600.0,,,2018-04-30,1.24,528427.86,54032.51,0.57,ATRChannel7|3|120,
438,3.0,2018-04-26,,BSC,0.239,,1970000.0,472218.9485,,94166.0,,,2018-04-30,0.227,443187.6495,-29031.299,-0.31,ATRChannel7|3|120,
439,2.0,2018-04-27,,NOW,8.21,,57400.0,472644.1993,,94250.8,,,2018-04-30,7.7,438024.279,-34619.9203,-0.37,ATRChannel7|3|120,
